scenario_type,noise_type,noise_probability,attack_type,trial,mismatch_rate,threshold,threshold_capped,attack_detected,correct,max_threshold
normal,bit_flip,0.0,none,1,0.0,0.26,False,False,True,0.28
normal,bit_flip,0.0,none,2,0.0,0.26,False,False,True,0.28
normal,bit_flip,0.0,none,3,0.0,0.26,False,False,True,0.28
normal,bit_flip,0.0,none,4,0.0,0.26,False,False,True,0.28
normal,bit_flip,0.0,none,5,0.0,0.26,False,False,True,0.28
normal,bit_flip,0.0,none,6,0.0,0.26,False,False,True,0.28
normal,bit_flip,0.0,none,7,0.0,0.26,False,False,True,0.28
normal,bit_flip,0.0,none,8,0.0,0.26,False,False,True,0.28
normal,bit_flip,0.0,none,9,0.0,0.26,False,False,True,0.28
normal,bit_flip,0.0,none,10,0.0,0.26,False,False,True,0.28
normal,bit_flip,0.0,none,11,0.0,0.26,False,False,True,0.28
normal,bit_flip,0.0,none,12,0.0,0.26,False,False,True,0.28
normal,bit_flip,0.0,none,13,0.0,0.26,False,False,True,0.28
normal,bit_flip,0.0,none,14,0.0,0.26,False,False,True,0.28
normal,bit_flip,0.0,none,15,0.0,0.26,False,False,True,0.28
normal,bit_flip,0.0,none,16,0.0,0.26,False,False,True,0.28
normal,bit_flip,0.0,none,17,0.0,0.26,False,False,True,0.28
normal,bit_flip,0.0,none,18,0.0,0.26,False,False,True,0.28
normal,bit_flip,0.0,none,19,0.0,0.26,False,False,True,0.28
normal,bit_flip,0.0,none,20,0.0,0.26,False,False,True,0.28
normal,bit_flip,0.05,none,1,0.154297,0.28,True,False,True,0.28
normal,bit_flip,0.05,none,2,0.022461,0.2689844,False,False,True,0.28
normal,bit_flip,0.05,none,3,0.148438,0.28,True,False,True,0.28
normal,bit_flip,0.05,none,4,0.088867,0.28,True,False,True,0.28
normal,bit_flip,0.05,none,5,0.020508,0.26820320000000003,False,False,True,0.28
normal,bit_flip,0.05,none,6,0.129883,0.28,True,False,True,0.28
normal,bit_flip,0.05,none,7,0.143555,0.28,True,False,True,0.28
normal,bit_flip,0.05,none,8,0.162109,0.28,True,False,True,0.28
normal,bit_flip,0.05,none,9,0.111328,0.28,True,False,True,0.28
normal,bit_flip,0.05,none,10,0.115234,0.28,True,False,True,0.28
normal,bit_flip,0.05,none,11,0.146484,0.28,True,False,True,0.28
normal,bit_flip,0.05,none,12,0.085938,0.28,True,False,True,0.28
normal,bit_flip,0.05,none,13,0.110352,0.28,True,False,True,0.28
normal,bit_flip,0.05,none,14,0.158203,0.28,True,False,True,0.28
normal,bit_flip,0.05,none,15,0.032227,0.2728908,False,False,True,0.28
normal,bit_flip,0.05,none,16,0.143555,0.28,True,False,True,0.28
normal,bit_flip,0.05,none,17,0.139648,0.28,True,False,True,0.28
normal,bit_flip,0.05,none,18,0.03125,0.2725,False,False,True,0.28
normal,bit_flip,0.05,none,19,0.149414,0.28,True,False,True,0.28
normal,bit_flip,0.05,none,20,0.029297,0.27171880000000004,False,False,True,0.28
normal,bit_flip,0.1,none,1,0.055664,0.28,True,False,True,0.28
normal,bit_flip,0.1,none,2,0.283203,0.28,True,True,False,0.28
normal,bit_flip,0.1,none,3,0.213867,0.28,True,False,True,0.28
normal,bit_flip,0.1,none,4,0.264648,0.28,True,False,True,0.28
normal,bit_flip,0.1,none,5,0.141602,0.28,True,False,True,0.28
normal,bit_flip,0.1,none,6,0.141602,0.28,True,False,True,0.28
normal,bit_flip,0.1,none,7,0.15625,0.28,True,False,True,0.28
normal,bit_flip,0.1,none,8,0.045898,0.27835920000000003,False,False,True,0.28
normal,bit_flip,0.1,none,9,0.142578,0.28,True,False,True,0.28
normal,bit_flip,0.1,none,10,0.205078,0.28,True,False,True,0.28
normal,bit_flip,0.1,none,11,0.244141,0.28,True,False,True,0.28
normal,bit_flip,0.1,none,12,0.237305,0.28,True,False,True,0.28
normal,bit_flip,0.1,none,13,0.249023,0.28,True,False,True,0.28
normal,bit_flip,0.1,none,14,0.224609,0.28,True,False,True,0.28
normal,bit_flip,0.1,none,15,0.179688,0.28,True,False,True,0.28
normal,bit_flip,0.1,none,16,0.251953,0.28,True,False,True,0.28
normal,bit_flip,0.1,none,17,0.051758,0.28,True,False,True,0.28
normal,bit_flip,0.1,none,18,0.05957,0.28,True,False,True,0.28
normal,bit_flip,0.1,none,19,0.19043,0.28,True,False,True,0.28
normal,bit_flip,0.1,none,20,0.177734,0.28,True,False,True,0.28
normal,bit_flip,0.15,none,1,0.317383,0.28,True,True,False,0.28
normal,bit_flip,0.15,none,2,0.269531,0.28,True,False,True,0.28
normal,bit_flip,0.15,none,3,0.075195,0.28,True,False,True,0.28
normal,bit_flip,0.15,none,4,0.251953,0.28,True,False,True,0.28
normal,bit_flip,0.15,none,5,0.073242,0.28,True,False,True,0.28
normal,bit_flip,0.15,none,6,0.335938,0.28,True,True,False,0.28
normal,bit_flip,0.15,none,7,0.350586,0.28,True,True,False,0.28
normal,bit_flip,0.15,none,8,0.311523,0.28,True,True,False,0.28
normal,bit_flip,0.15,none,9,0.067383,0.28,True,False,True,0.28
normal,bit_flip,0.15,none,10,0.078125,0.28,True,False,True,0.28
normal,bit_flip,0.15,none,11,0.291992,0.28,True,True,False,0.28
normal,bit_flip,0.15,none,12,0.347656,0.28,True,True,False,0.28
normal,bit_flip,0.15,none,13,0.249023,0.28,True,False,True,0.28
normal,bit_flip,0.15,none,14,0.257812,0.28,True,False,True,0.28
normal,bit_flip,0.15,none,15,0.224609,0.28,True,False,True,0.28
normal,bit_flip,0.15,none,16,0.327148,0.28,True,True,False,0.28
normal,bit_flip,0.15,none,17,0.072266,0.28,True,False,True,0.28
normal,bit_flip,0.15,none,18,0.19043,0.28,True,False,True,0.28
normal,bit_flip,0.15,none,19,0.276367,0.28,True,False,True,0.28
normal,bit_flip,0.15,none,20,0.226562,0.28,True,False,True,0.28
normal,bit_flip,0.2,none,1,0.353516,0.28,True,True,False,0.28
normal,bit_flip,0.2,none,2,0.250977,0.28,True,False,True,0.28
normal,bit_flip,0.2,none,3,0.365234,0.28,True,True,False,0.28
normal,bit_flip,0.2,none,4,0.269531,0.28,True,False,True,0.28
normal,bit_flip,0.2,none,5,0.34668,0.28,True,True,False,0.28
normal,bit_flip,0.2,none,6,0.383789,0.28,True,True,False,0.28
normal,bit_flip,0.2,none,7,0.250977,0.28,True,False,True,0.28
normal,bit_flip,0.2,none,8,0.253906,0.28,True,False,True,0.28
normal,bit_flip,0.2,none,9,0.40332,0.28,True,True,False,0.28
normal,bit_flip,0.2,none,10,0.384766,0.28,True,True,False,0.28
normal,bit_flip,0.2,none,11,0.107422,0.28,True,False,True,0.28
normal,bit_flip,0.2,none,12,0.322266,0.28,True,True,False,0.28
normal,bit_flip,0.2,none,13,0.395508,0.28,True,True,False,0.28
normal,bit_flip,0.2,none,14,0.396484,0.28,True,True,False,0.28
normal,bit_flip,0.2,none,15,0.359375,0.28,True,True,False,0.28
normal,bit_flip,0.2,none,16,0.089844,0.28,True,False,True,0.28
normal,bit_flip,0.2,none,17,0.333008,0.28,True,True,False,0.28
normal,bit_flip,0.2,none,18,0.3125,0.28,True,True,False,0.28
normal,bit_flip,0.2,none,19,0.307617,0.28,True,True,False,0.28
normal,bit_flip,0.2,none,20,0.337891,0.28,True,True,False,0.28
normal,phase_flip,0.0,none,1,0.0,0.26,False,False,True,0.28
normal,phase_flip,0.0,none,2,0.0,0.26,False,False,True,0.28
normal,phase_flip,0.0,none,3,0.0,0.26,False,False,True,0.28
normal,phase_flip,0.0,none,4,0.0,0.26,False,False,True,0.28
normal,phase_flip,0.0,none,5,0.0,0.26,False,False,True,0.28
normal,phase_flip,0.0,none,6,0.0,0.26,False,False,True,0.28
normal,phase_flip,0.0,none,7,0.0,0.26,False,False,True,0.28
normal,phase_flip,0.0,none,8,0.0,0.26,False,False,True,0.28
normal,phase_flip,0.0,none,9,0.0,0.26,False,False,True,0.28
normal,phase_flip,0.0,none,10,0.0,0.26,False,False,True,0.28
normal,phase_flip,0.0,none,11,0.0,0.26,False,False,True,0.28
normal,phase_flip,0.0,none,12,0.0,0.26,False,False,True,0.28
normal,phase_flip,0.0,none,13,0.0,0.26,False,False,True,0.28
normal,phase_flip,0.0,none,14,0.0,0.26,False,False,True,0.28
normal,phase_flip,0.0,none,15,0.0,0.26,False,False,True,0.28
normal,phase_flip,0.0,none,16,0.0,0.26,False,False,True,0.28
normal,phase_flip,0.0,none,17,0.0,0.26,False,False,True,0.28
normal,phase_flip,0.0,none,18,0.0,0.26,False,False,True,0.28
normal,phase_flip,0.0,none,19,0.0,0.26,False,False,True,0.28
normal,phase_flip,0.0,none,20,0.0,0.26,False,False,True,0.28
normal,phase_flip,0.05,none,1,0.119141,0.28,True,False,True,0.28
normal,phase_flip,0.05,none,2,0.106445,0.28,True,False,True,0.28
normal,phase_flip,0.05,none,3,0.0,0.26,False,False,True,0.28
normal,phase_flip,0.05,none,4,0.0,0.26,False,False,True,0.28
normal,phase_flip,0.05,none,5,0.112305,0.28,True,False,True,0.28
normal,phase_flip,0.05,none,6,0.0,0.26,False,False,True,0.28
normal,phase_flip,0.05,none,7,0.102539,0.28,True,False,True,0.28
normal,phase_flip,0.05,none,8,0.0,0.26,False,False,True,0.28
normal,phase_flip,0.05,none,9,0.119141,0.28,True,False,True,0.28
normal,phase_flip,0.05,none,10,0.0,0.26,False,False,True,0.28
normal,phase_flip,0.05,none,11,0.117188,0.28,True,False,True,0.28
normal,phase_flip,0.05,none,12,0.0,0.26,False,False,True,0.28
normal,phase_flip,0.05,none,13,0.147461,0.28,True,False,True,0.28
normal,phase_flip,0.05,none,14,0.109375,0.28,True,False,True,0.28
normal,phase_flip,0.05,none,15,0.099609,0.28,True,False,True,0.28
normal,phase_flip,0.05,none,16,0.0,0.26,False,False,True,0.28
normal,phase_flip,0.05,none,17,0.111328,0.28,True,False,True,0.28
normal,phase_flip,0.05,none,18,0.0,0.26,False,False,True,0.28
normal,phase_flip,0.05,none,19,0.0,0.26,False,False,True,0.28
normal,phase_flip,0.05,none,20,0.117188,0.28,True,False,True,0.28
normal,phase_flip,0.1,none,1,0.226562,0.28,True,False,True,0.28
normal,phase_flip,0.1,none,2,0.198242,0.28,True,False,True,0.28
normal,phase_flip,0.1,none,3,0.224609,0.28,True,False,True,0.28
normal,phase_flip,0.1,none,4,0.232422,0.28,True,False,True,0.28
normal,phase_flip,0.1,none,5,0.0,0.26,False,False,True,0.28
normal,phase_flip,0.1,none,6,0.21875,0.28,True,False,True,0.28
normal,phase_flip,0.1,none,7,0.240234,0.28,True,False,True,0.28
normal,phase_flip,0.1,none,8,0.219727,0.28,True,False,True,0.28
normal,phase_flip,0.1,none,9,0.0,0.26,False,False,True,0.28
normal,phase_flip,0.1,none,10,0.228516,0.28,True,False,True,0.28
normal,phase_flip,0.1,none,11,0.205078,0.28,True,False,True,0.28
normal,phase_flip,0.1,none,12,0.0,0.26,False,False,True,0.28
normal,phase_flip,0.1,none,13,0.223633,0.28,True,False,True,0.28
normal,phase_flip,0.1,none,14,0.217773,0.28,True,False,True,0.28
normal,phase_flip,0.1,none,15,0.229492,0.28,True,False,True,0.28
normal,phase_flip,0.1,none,16,0.203125,0.28,True,False,True,0.28
normal,phase_flip,0.1,none,17,0.198242,0.28,True,False,True,0.28
normal,phase_flip,0.1,none,18,0.0,0.26,False,False,True,0.28
normal,phase_flip,0.1,none,19,0.0,0.26,False,False,True,0.28
normal,phase_flip,0.1,none,20,0.202148,0.28,True,False,True,0.28
normal,phase_flip,0.15,none,1,0.0,0.26,False,False,True,0.28
normal,phase_flip,0.15,none,2,0.0,0.26,False,False,True,0.28
normal,phase_flip,0.15,none,3,0.294922,0.28,True,True,False,0.28
normal,phase_flip,0.15,none,4,0.318359,0.28,True,True,False,0.28
normal,phase_flip,0.15,none,5,0.305664,0.28,True,True,False,0.28
normal,phase_flip,0.15,none,6,0.0,0.26,False,False,True,0.28
normal,phase_flip,0.15,none,7,0.0,0.26,False,False,True,0.28
normal,phase_flip,0.15,none,8,0.0,0.26,False,False,True,0.28
normal,phase_flip,0.15,none,9,0.277344,0.28,True,False,True,0.28
normal,phase_flip,0.15,none,10,0.0,0.26,False,False,True,0.28
normal,phase_flip,0.15,none,11,0.308594,0.28,True,True,False,0.28
normal,phase_flip,0.15,none,12,0.297852,0.28,True,True,False,0.28
normal,phase_flip,0.15,none,13,0.287109,0.28,True,True,False,0.28
normal,phase_flip,0.15,none,14,0.316406,0.28,True,True,False,0.28
normal,phase_flip,0.15,none,15,0.0,0.26,False,False,True,0.28
normal,phase_flip,0.15,none,16,0.275391,0.28,True,False,True,0.28
normal,phase_flip,0.15,none,17,0.293945,0.28,True,True,False,0.28
normal,phase_flip,0.15,none,18,0.0,0.26,False,False,True,0.28
normal,phase_flip,0.15,none,19,0.274414,0.28,True,False,True,0.28
normal,phase_flip,0.15,none,20,0.0,0.26,False,False,True,0.28
normal,phase_flip,0.2,none,1,0.350586,0.28,True,True,False,0.28
normal,phase_flip,0.2,none,2,0.370117,0.28,True,True,False,0.28
normal,phase_flip,0.2,none,3,0.0,0.26,False,False,True,0.28
normal,phase_flip,0.2,none,4,0.337891,0.28,True,True,False,0.28
normal,phase_flip,0.2,none,5,0.344727,0.28,True,True,False,0.28
normal,phase_flip,0.2,none,6,0.344727,0.28,True,True,False,0.28
normal,phase_flip,0.2,none,7,0.385742,0.28,True,True,False,0.28
normal,phase_flip,0.2,none,8,0.350586,0.28,True,True,False,0.28
normal,phase_flip,0.2,none,9,0.365234,0.28,True,True,False,0.28
normal,phase_flip,0.2,none,10,0.37207,0.28,True,True,False,0.28
normal,phase_flip,0.2,none,11,0.0,0.26,False,False,True,0.28
normal,phase_flip,0.2,none,12,0.366211,0.28,True,True,False,0.28
normal,phase_flip,0.2,none,13,0.370117,0.28,True,True,False,0.28
normal,phase_flip,0.2,none,14,0.353516,0.28,True,True,False,0.28
normal,phase_flip,0.2,none,15,0.336914,0.28,True,True,False,0.28
normal,phase_flip,0.2,none,16,0.0,0.26,False,False,True,0.28
normal,phase_flip,0.2,none,17,0.355469,0.28,True,True,False,0.28
normal,phase_flip,0.2,none,18,0.0,0.26,False,False,True,0.28
normal,phase_flip,0.2,none,19,0.345703,0.28,True,True,False,0.28
normal,phase_flip,0.2,none,20,0.353516,0.28,True,True,False,0.28
normal,bit_phase_flip,0.0,none,1,0.0,0.26,False,False,True,0.28
normal,bit_phase_flip,0.0,none,2,0.0,0.26,False,False,True,0.28
normal,bit_phase_flip,0.0,none,3,0.0,0.26,False,False,True,0.28
normal,bit_phase_flip,0.0,none,4,0.0,0.26,False,False,True,0.28
normal,bit_phase_flip,0.0,none,5,0.0,0.26,False,False,True,0.28
normal,bit_phase_flip,0.0,none,6,0.0,0.26,False,False,True,0.28
normal,bit_phase_flip,0.0,none,7,0.0,0.26,False,False,True,0.28
normal,bit_phase_flip,0.0,none,8,0.0,0.26,False,False,True,0.28
normal,bit_phase_flip,0.0,none,9,0.0,0.26,False,False,True,0.28
normal,bit_phase_flip,0.0,none,10,0.0,0.26,False,False,True,0.28
normal,bit_phase_flip,0.0,none,11,0.0,0.26,False,False,True,0.28
normal,bit_phase_flip,0.0,none,12,0.0,0.26,False,False,True,0.28
normal,bit_phase_flip,0.0,none,13,0.0,0.26,False,False,True,0.28
normal,bit_phase_flip,0.0,none,14,0.0,0.26,False,False,True,0.28
normal,bit_phase_flip,0.0,none,15,0.0,0.26,False,False,True,0.28
normal,bit_phase_flip,0.0,none,16,0.0,0.26,False,False,True,0.28
normal,bit_phase_flip,0.0,none,17,0.0,0.26,False,False,True,0.28
normal,bit_phase_flip,0.0,none,18,0.0,0.26,False,False,True,0.28
normal,bit_phase_flip,0.0,none,19,0.0,0.26,False,False,True,0.28
normal,bit_phase_flip,0.0,none,20,0.0,0.26,False,False,True,0.28
normal,bit_phase_flip,0.05,none,1,0.023438,0.26937520000000004,False,False,True,0.28
normal,bit_phase_flip,0.05,none,2,0.026367,0.27054680000000003,False,False,True,0.28
normal,bit_phase_flip,0.05,none,3,0.070312,0.28,True,False,True,0.28
normal,bit_phase_flip,0.05,none,4,0.186523,0.28,True,False,True,0.28
normal,bit_phase_flip,0.05,none,5,0.024414,0.2697656,False,False,True,0.28
normal,bit_phase_flip,0.05,none,6,0.180664,0.28,True,False,True,0.28
normal,bit_phase_flip,0.05,none,7,0.22168,0.28,True,False,True,0.28
normal,bit_phase_flip,0.05,none,8,0.18457,0.28,True,False,True,0.28
normal,bit_phase_flip,0.05,none,9,0.03125,0.2725,False,False,True,0.28
normal,bit_phase_flip,0.05,none,10,0.069336,0.28,True,False,True,0.28
normal,bit_phase_flip,0.05,none,11,0.208008,0.28,True,False,True,0.28
normal,bit_phase_flip,0.05,none,12,0.155273,0.28,True,False,True,0.28
normal,bit_phase_flip,0.05,none,13,0.1875,0.28,True,False,True,0.28
normal,bit_phase_flip,0.05,none,14,0.207031,0.28,True,False,True,0.28
normal,bit_phase_flip,0.05,none,15,0.217773,0.28,True,False,True,0.28
normal,bit_phase_flip,0.05,none,16,0.02832,0.271328,False,False,True,0.28
normal,bit_phase_flip,0.05,none,17,0.017578,0.2670312,False,False,True,0.28
normal,bit_phase_flip,0.05,none,18,0.174805,0.28,True,False,True,0.28
normal,bit_phase_flip,0.05,none,19,0.199219,0.28,True,False,True,0.28
normal,bit_phase_flip,0.05,none,20,0.021484,0.2685936,False,False,True,0.28
normal,bit_phase_flip,0.1,none,1,0.304688,0.28,True,True,False,0.28
normal,bit_phase_flip,0.1,none,2,0.34668,0.28,True,True,False,0.28
normal,bit_phase_flip,0.1,none,3,0.341797,0.28,True,True,False,0.28
normal,bit_phase_flip,0.1,none,4,0.288086,0.28,True,True,False,0.28
normal,bit_phase_flip,0.1,none,5,0.048828,0.27953120000000004,False,False,True,0.28
normal,bit_phase_flip,0.1,none,6,0.3125,0.28,True,True,False,0.28
normal,bit_phase_flip,0.1,none,7,0.043945,0.277578,False,False,True,0.28
normal,bit_phase_flip,0.1,none,8,0.041992,0.2767968,False,False,True,0.28
normal,bit_phase_flip,0.1,none,9,0.136719,0.28,True,False,True,0.28
normal,bit_phase_flip,0.1,none,10,0.301758,0.28,True,True,False,0.28
normal,bit_phase_flip,0.1,none,11,0.297852,0.28,True,True,False,0.28
normal,bit_phase_flip,0.1,none,12,0.34082,0.28,True,True,False,0.28
normal,bit_phase_flip,0.1,none,13,0.342773,0.28,True,True,False,0.28
normal,bit_phase_flip,0.1,none,14,0.063477,0.28,True,False,True,0.28
normal,bit_phase_flip,0.1,none,15,0.368164,0.28,True,True,False,0.28
normal,bit_phase_flip,0.1,none,16,0.336914,0.28,True,True,False,0.28
normal,bit_phase_flip,0.1,none,17,0.370117,0.28,True,True,False,0.28
normal,bit_phase_flip,0.1,none,18,0.314453,0.28,True,True,False,0.28
normal,bit_phase_flip,0.1,none,19,0.151367,0.28,True,False,True,0.28
normal,bit_phase_flip,0.1,none,20,0.326172,0.28,True,True,False,0.28
normal,bit_phase_flip,0.15,none,1,0.379883,0.28,True,True,False,0.28
normal,bit_phase_flip,0.15,none,2,0.210938,0.28,True,False,True,0.28
normal,bit_phase_flip,0.15,none,3,0.084961,0.28,True,False,True,0.28
normal,bit_phase_flip,0.15,none,4,0.427734,0.28,True,True,False,0.28
normal,bit_phase_flip,0.15,none,5,0.40625,0.28,True,True,False,0.28
normal,bit_phase_flip,0.15,none,6,0.068359,0.28,True,False,True,0.28
normal,bit_phase_flip,0.15,none,7,0.407227,0.28,True,True,False,0.28
normal,bit_phase_flip,0.15,none,8,0.37793,0.28,True,True,False,0.28
normal,bit_phase_flip,0.15,none,9,0.051758,0.28,True,False,True,0.28
normal,bit_phase_flip,0.15,none,10,0.413086,0.28,True,True,False,0.28
normal,bit_phase_flip,0.15,none,11,0.072266,0.28,True,False,True,0.28
normal,bit_phase_flip,0.15,none,12,0.378906,0.28,True,True,False,0.28
normal,bit_phase_flip,0.15,none,13,0.429688,0.28,True,True,False,0.28
normal,bit_phase_flip,0.15,none,14,0.087891,0.28,True,False,True,0.28
normal,bit_phase_flip,0.15,none,15,0.443359,0.28,True,True,False,0.28
normal,bit_phase_flip,0.15,none,16,0.40625,0.28,True,True,False,0.28
normal,bit_phase_flip,0.15,none,17,0.193359,0.28,True,False,True,0.28
normal,bit_phase_flip,0.15,none,18,0.202148,0.28,True,False,True,0.28
normal,bit_phase_flip,0.15,none,19,0.414062,0.28,True,True,False,0.28
normal,bit_phase_flip,0.15,none,20,0.076172,0.28,True,False,True,0.28
normal,bit_phase_flip,0.2,none,1,0.091797,0.28,True,False,True,0.28
normal,bit_phase_flip,0.2,none,2,0.454102,0.28,True,True,False,0.28
normal,bit_phase_flip,0.2,none,3,0.46875,0.28,True,True,False,0.28
normal,bit_phase_flip,0.2,none,4,0.095703,0.28,True,False,True,0.28
normal,bit_phase_flip,0.2,none,5,0.488281,0.28,True,True,False,0.28
normal,bit_phase_flip,0.2,none,6,0.086914,0.28,True,False,True,0.28
normal,bit_phase_flip,0.2,none,7,0.274414,0.28,True,False,True,0.28
normal,bit_phase_flip,0.2,none,8,0.428711,0.28,True,True,False,0.28
normal,bit_phase_flip,0.2,none,9,0.436523,0.28,True,True,False,0.28
normal,bit_phase_flip,0.2,none,10,0.09375,0.28,True,False,True,0.28
normal,bit_phase_flip,0.2,none,11,0.456055,0.28,True,True,False,0.28
normal,bit_phase_flip,0.2,none,12,0.445312,0.28,True,True,False,0.28
normal,bit_phase_flip,0.2,none,13,0.466797,0.28,True,True,False,0.28
normal,bit_phase_flip,0.2,none,14,0.466797,0.28,True,True,False,0.28
normal,bit_phase_flip,0.2,none,15,0.475586,0.28,True,True,False,0.28
normal,bit_phase_flip,0.2,none,16,0.256836,0.28,True,False,True,0.28
normal,bit_phase_flip,0.2,none,17,0.116211,0.28,True,False,True,0.28
normal,bit_phase_flip,0.2,none,18,0.431641,0.28,True,True,False,0.28
normal,bit_phase_flip,0.2,none,19,0.248047,0.28,True,False,True,0.28
normal,bit_phase_flip,0.2,none,20,0.460938,0.28,True,True,False,0.28
normal,depolarizing,0.0,none,1,0.0,0.26,False,False,True,0.28
normal,depolarizing,0.0,none,2,0.0,0.26,False,False,True,0.28
normal,depolarizing,0.0,none,3,0.0,0.26,False,False,True,0.28
normal,depolarizing,0.0,none,4,0.0,0.26,False,False,True,0.28
normal,depolarizing,0.0,none,5,0.0,0.26,False,False,True,0.28
normal,depolarizing,0.0,none,6,0.0,0.26,False,False,True,0.28
normal,depolarizing,0.0,none,7,0.0,0.26,False,False,True,0.28
normal,depolarizing,0.0,none,8,0.0,0.26,False,False,True,0.28
normal,depolarizing,0.0,none,9,0.0,0.26,False,False,True,0.28
normal,depolarizing,0.0,none,10,0.0,0.26,False,False,True,0.28
normal,depolarizing,0.0,none,11,0.0,0.26,False,False,True,0.28
normal,depolarizing,0.0,none,12,0.0,0.26,False,False,True,0.28
normal,depolarizing,0.0,none,13,0.0,0.26,False,False,True,0.28
normal,depolarizing,0.0,none,14,0.0,0.26,False,False,True,0.28
normal,depolarizing,0.0,none,15,0.0,0.26,False,False,True,0.28
normal,depolarizing,0.0,none,16,0.0,0.26,False,False,True,0.28
normal,depolarizing,0.0,none,17,0.0,0.26,False,False,True,0.28
normal,depolarizing,0.0,none,18,0.0,0.26,False,False,True,0.28
normal,depolarizing,0.0,none,19,0.0,0.26,False,False,True,0.28
normal,depolarizing,0.0,none,20,0.0,0.26,False,False,True,0.28
normal,depolarizing,0.05,none,1,0.040039,0.2760156,False,False,True,0.28
normal,depolarizing,0.05,none,2,0.131836,0.28,True,False,True,0.28
normal,depolarizing,0.05,none,3,0.132812,0.28,True,False,True,0.28
normal,depolarizing,0.05,none,4,0.037109,0.2748436,False,False,True,0.28
normal,depolarizing,0.05,none,5,0.107422,0.28,True,False,True,0.28
normal,depolarizing,0.05,none,6,0.135742,0.28,True,False,True,0.28
normal,depolarizing,0.05,none,7,0.101562,0.28,True,False,True,0.28
normal,depolarizing,0.05,none,8,0.045898,0.27835920000000003,False,False,True,0.28
normal,depolarizing,0.05,none,9,0.007812,0.2631248,False,False,True,0.28
normal,depolarizing,0.05,none,10,0.038086,0.2752344,False,False,True,0.28
normal,depolarizing,0.05,none,11,0.037109,0.2748436,False,False,True,0.28
normal,depolarizing,0.05,none,12,0.038086,0.2752344,False,False,True,0.28
normal,depolarizing,0.05,none,13,0.036133,0.2744532,False,False,True,0.28
normal,depolarizing,0.05,none,14,0.03125,0.2725,False,False,True,0.28
normal,depolarizing,0.05,none,15,0.155273,0.28,True,False,True,0.28
normal,depolarizing,0.05,none,16,0.129883,0.28,True,False,True,0.28
normal,depolarizing,0.05,none,17,0.011719,0.2646876,False,False,True,0.28
normal,depolarizing,0.05,none,18,0.136719,0.28,True,False,True,0.28
normal,depolarizing,0.05,none,19,0.113281,0.28,True,False,True,0.28
normal,depolarizing,0.05,none,20,0.035156,0.2740624,False,False,True,0.28
normal,depolarizing,0.1,none,1,0.023438,0.26937520000000004,False,False,True,0.28
normal,depolarizing,0.1,none,2,0.220703,0.28,True,False,True,0.28
normal,depolarizing,0.1,none,3,0.195312,0.28,True,False,True,0.28
normal,depolarizing,0.1,none,4,0.069336,0.28,True,False,True,0.28
normal,depolarizing,0.1,none,5,0.227539,0.28,True,False,True,0.28
normal,depolarizing,0.1,none,6,0.258789,0.28,True,False,True,0.28
normal,depolarizing,0.1,none,7,0.212891,0.28,True,False,True,0.28
normal,depolarizing,0.1,none,8,0.19043,0.28,True,False,True,0.28
normal,depolarizing,0.1,none,9,0.068359,0.28,True,False,True,0.28
normal,depolarizing,0.1,none,10,0.073242,0.28,True,False,True,0.28
normal,depolarizing,0.1,none,11,0.029297,0.27171880000000004,False,False,True,0.28
normal,depolarizing,0.1,none,12,0.066406,0.28,True,False,True,0.28
normal,depolarizing,0.1,none,13,0.054688,0.28,True,False,True,0.28
normal,depolarizing,0.1,none,14,0.027344,0.2709376,False,False,True,0.28
normal,depolarizing,0.1,none,15,0.223633,0.28,True,False,True,0.28
normal,depolarizing,0.1,none,16,0.029297,0.27171880000000004,False,False,True,0.28
normal,depolarizing,0.1,none,17,0.248047,0.28,True,False,True,0.28
normal,depolarizing,0.1,none,18,0.259766,0.28,True,False,True,0.28
normal,depolarizing,0.1,none,19,0.232422,0.28,True,False,True,0.28
normal,depolarizing,0.1,none,20,0.183594,0.28,True,False,True,0.28
normal,depolarizing,0.15,none,1,0.271484,0.28,True,False,True,0.28
normal,depolarizing,0.15,none,2,0.037109,0.2748436,False,False,True,0.28
normal,depolarizing,0.15,none,3,0.34082,0.28,True,True,False,0.28
normal,depolarizing,0.15,none,4,0.244141,0.28,True,False,True,0.28
normal,depolarizing,0.15,none,5,0.032227,0.2728908,False,False,True,0.28
normal,depolarizing,0.15,none,6,0.244141,0.28,True,False,True,0.28
normal,depolarizing,0.15,none,7,0.241211,0.28,True,False,True,0.28
normal,depolarizing,0.15,none,8,0.31543,0.28,True,True,False,0.28
normal,depolarizing,0.15,none,9,0.119141,0.28,True,False,True,0.28
normal,depolarizing,0.15,none,10,0.09668,0.28,True,False,True,0.28
normal,depolarizing,0.15,none,11,0.327148,0.28,True,True,False,0.28
normal,depolarizing,0.15,none,12,0.300781,0.28,True,True,False,0.28
normal,depolarizing,0.15,none,13,0.103516,0.28,True,False,True,0.28
normal,depolarizing,0.15,none,14,0.290039,0.28,True,True,False,0.28
normal,depolarizing,0.15,none,15,0.299805,0.28,True,True,False,0.28
normal,depolarizing,0.15,none,16,0.308594,0.28,True,True,False,0.28
normal,depolarizing,0.15,none,17,0.280273,0.28,True,True,False,0.28
normal,depolarizing,0.15,none,18,0.02832,0.271328,False,False,True,0.28
normal,depolarizing,0.15,none,19,0.306641,0.28,True,True,False,0.28
normal,depolarizing,0.15,none,20,0.28418,0.28,True,True,False,0.28
normal,depolarizing,0.2,none,1,0.28418,0.28,True,True,False,0.28
normal,depolarizing,0.2,none,2,0.347656,0.28,True,True,False,0.28
normal,depolarizing,0.2,none,3,0.384766,0.28,True,True,False,0.28
normal,depolarizing,0.2,none,4,0.374023,0.28,True,True,False,0.28
normal,depolarizing,0.2,none,5,0.056641,0.28,True,False,True,0.28
normal,depolarizing,0.2,none,6,0.12207,0.28,True,False,True,0.28
normal,depolarizing,0.2,none,7,0.066406,0.28,True,False,True,0.28
normal,depolarizing,0.2,none,8,0.359375,0.28,True,True,False,0.28
normal,depolarizing,0.2,none,9,0.354492,0.28,True,True,False,0.28
normal,depolarizing,0.2,none,10,0.366211,0.28,True,True,False,0.28
normal,depolarizing,0.2,none,11,0.352539,0.28,True,True,False,0.28
normal,depolarizing,0.2,none,12,0.358398,0.28,True,True,False,0.28
normal,depolarizing,0.2,none,13,0.133789,0.28,True,False,True,0.28
normal,depolarizing,0.2,none,14,0.147461,0.28,True,False,True,0.28
normal,depolarizing,0.2,none,15,0.142578,0.28,True,False,True,0.28
normal,depolarizing,0.2,none,16,0.143555,0.28,True,False,True,0.28
normal,depolarizing,0.2,none,17,0.334961,0.28,True,True,False,0.28
normal,depolarizing,0.2,none,18,0.338867,0.28,True,True,False,0.28
normal,depolarizing,0.2,none,19,0.351562,0.28,True,True,False,0.28
normal,depolarizing,0.2,none,20,0.358398,0.28,True,True,False,0.28
normal,readout,0.0,none,1,0.0,0.26,False,False,True,0.28
normal,readout,0.0,none,2,0.0,0.26,False,False,True,0.28
normal,readout,0.0,none,3,0.0,0.26,False,False,True,0.28
normal,readout,0.0,none,4,0.0,0.26,False,False,True,0.28
normal,readout,0.0,none,5,0.0,0.26,False,False,True,0.28
normal,readout,0.0,none,6,0.0,0.26,False,False,True,0.28
normal,readout,0.0,none,7,0.0,0.26,False,False,True,0.28
normal,readout,0.0,none,8,0.0,0.26,False,False,True,0.28
normal,readout,0.0,none,9,0.0,0.26,False,False,True,0.28
normal,readout,0.0,none,10,0.0,0.26,False,False,True,0.28
normal,readout,0.0,none,11,0.0,0.26,False,False,True,0.28
normal,readout,0.0,none,12,0.0,0.26,False,False,True,0.28
normal,readout,0.0,none,13,0.0,0.26,False,False,True,0.28
normal,readout,0.0,none,14,0.0,0.26,False,False,True,0.28
normal,readout,0.0,none,15,0.0,0.26,False,False,True,0.28
normal,readout,0.0,none,16,0.0,0.26,False,False,True,0.28
normal,readout,0.0,none,17,0.0,0.26,False,False,True,0.28
normal,readout,0.0,none,18,0.0,0.26,False,False,True,0.28
normal,readout,0.0,none,19,0.0,0.26,False,False,True,0.28
normal,readout,0.0,none,20,0.0,0.26,False,False,True,0.28
normal,readout,0.05,none,1,0.155273,0.28,True,False,True,0.28
normal,readout,0.05,none,2,0.088867,0.28,True,False,True,0.28
normal,readout,0.05,none,3,0.084961,0.28,True,False,True,0.28
normal,readout,0.05,none,4,0.092773,0.28,True,False,True,0.28
normal,readout,0.05,none,5,0.120117,0.28,True,False,True,0.28
normal,readout,0.05,none,6,0.081055,0.28,True,False,True,0.28
normal,readout,0.05,none,7,0.094727,0.28,True,False,True,0.28
normal,readout,0.05,none,8,0.095703,0.28,True,False,True,0.28
normal,readout,0.05,none,9,0.149414,0.28,True,False,True,0.28
normal,readout,0.05,none,10,0.106445,0.28,True,False,True,0.28
normal,readout,0.05,none,11,0.097656,0.28,True,False,True,0.28
normal,readout,0.05,none,12,0.106445,0.28,True,False,True,0.28
normal,readout,0.05,none,13,0.136719,0.28,True,False,True,0.28
normal,readout,0.05,none,14,0.091797,0.28,True,False,True,0.28
normal,readout,0.05,none,15,0.088867,0.28,True,False,True,0.28
normal,readout,0.05,none,16,0.142578,0.28,True,False,True,0.28
normal,readout,0.05,none,17,0.089844,0.28,True,False,True,0.28
normal,readout,0.05,none,18,0.12207,0.28,True,False,True,0.28
normal,readout,0.05,none,19,0.140625,0.28,True,False,True,0.28
normal,readout,0.05,none,20,0.141602,0.28,True,False,True,0.28
normal,readout,0.1,none,1,0.18457,0.28,True,False,True,0.28
normal,readout,0.1,none,2,0.1875,0.28,True,False,True,0.28
normal,readout,0.1,none,3,0.240234,0.28,True,False,True,0.28
normal,readout,0.1,none,4,0.180664,0.28,True,False,True,0.28
normal,readout,0.1,none,5,0.204102,0.28,True,False,True,0.28
normal,readout,0.1,none,6,0.19043,0.28,True,False,True,0.28
normal,readout,0.1,none,7,0.189453,0.28,True,False,True,0.28
normal,readout,0.1,none,8,0.1875,0.28,True,False,True,0.28
normal,readout,0.1,none,9,0.170898,0.28,True,False,True,0.28
normal,readout,0.1,none,10,0.189453,0.28,True,False,True,0.28
normal,readout,0.1,none,11,0.191406,0.28,True,False,True,0.28
normal,readout,0.1,none,12,0.174805,0.28,True,False,True,0.28
normal,readout,0.1,none,13,0.202148,0.28,True,False,True,0.28
normal,readout,0.1,none,14,0.179688,0.28,True,False,True,0.28
normal,readout,0.1,none,15,0.25293,0.28,True,False,True,0.28
normal,readout,0.1,none,16,0.236328,0.28,True,False,True,0.28
normal,readout,0.1,none,17,0.191406,0.28,True,False,True,0.28
normal,readout,0.1,none,18,0.166016,0.28,True,False,True,0.28
normal,readout,0.1,none,19,0.178711,0.28,True,False,True,0.28
normal,readout,0.1,none,20,0.186523,0.28,True,False,True,0.28
normal,readout,0.15,none,1,0.244141,0.28,True,False,True,0.28
normal,readout,0.15,none,2,0.235352,0.28,True,False,True,0.28
normal,readout,0.15,none,3,0.259766,0.28,True,False,True,0.28
normal,readout,0.15,none,4,0.25,0.28,True,False,True,0.28
normal,readout,0.15,none,5,0.231445,0.28,True,False,True,0.28
normal,readout,0.15,none,6,0.28125,0.28,True,True,False,0.28
normal,readout,0.15,none,7,0.336914,0.28,True,True,False,0.28
normal,readout,0.15,none,8,0.269531,0.28,True,False,True,0.28
normal,readout,0.15,none,9,0.329102,0.28,True,True,False,0.28
normal,readout,0.15,none,10,0.300781,0.28,True,True,False,0.28
normal,readout,0.15,none,11,0.231445,0.28,True,False,True,0.28
normal,readout,0.15,none,12,0.25,0.28,True,False,True,0.28
normal,readout,0.15,none,13,0.268555,0.28,True,False,True,0.28
normal,readout,0.15,none,14,0.275391,0.28,True,False,True,0.28
normal,readout,0.15,none,15,0.352539,0.28,True,True,False,0.28
normal,readout,0.15,none,16,0.303711,0.28,True,True,False,0.28
normal,readout,0.15,none,17,0.24707,0.28,True,False,True,0.28
normal,readout,0.15,none,18,0.301758,0.28,True,True,False,0.28
normal,readout,0.15,none,19,0.267578,0.28,True,False,True,0.28
normal,readout,0.15,none,20,0.239258,0.28,True,False,True,0.28
normal,readout,0.2,none,1,0.336914,0.28,True,True,False,0.28
normal,readout,0.2,none,2,0.40918,0.28,True,True,False,0.28
normal,readout,0.2,none,3,0.326172,0.28,True,True,False,0.28
normal,readout,0.2,none,4,0.327148,0.28,True,True,False,0.28
normal,readout,0.2,none,5,0.336914,0.28,True,True,False,0.28
normal,readout,0.2,none,6,0.415039,0.28,True,True,False,0.28
normal,readout,0.2,none,7,0.402344,0.28,True,True,False,0.28
normal,readout,0.2,none,8,0.326172,0.28,True,True,False,0.28
normal,readout,0.2,none,9,0.325195,0.28,True,True,False,0.28
normal,readout,0.2,none,10,0.303711,0.28,True,True,False,0.28
normal,readout,0.2,none,11,0.333984,0.28,True,True,False,0.28
normal,readout,0.2,none,12,0.381836,0.28,True,True,False,0.28
normal,readout,0.2,none,13,0.326172,0.28,True,True,False,0.28
normal,readout,0.2,none,14,0.30957,0.28,True,True,False,0.28
normal,readout,0.2,none,15,0.30957,0.28,True,True,False,0.28
normal,readout,0.2,none,16,0.316406,0.28,True,True,False,0.28
normal,readout,0.2,none,17,0.316406,0.28,True,True,False,0.28
normal,readout,0.2,none,18,0.378906,0.28,True,True,False,0.28
normal,readout,0.2,none,19,0.3125,0.28,True,True,False,0.28
normal,readout,0.2,none,20,0.416016,0.28,True,True,False,0.28
attack,bit_flip,0.1,pauli_x,1,0.176758,0.28,True,False,False,0.28
attack,bit_flip,0.1,pauli_x,2,0.862305,0.28,True,True,True,0.28
attack,bit_flip,0.1,pauli_x,3,0.737305,0.28,True,True,True,0.28
attack,bit_flip,0.1,pauli_x,4,0.265625,0.28,True,False,False,0.28
attack,bit_flip,0.1,pauli_x,5,0.730469,0.28,True,True,True,0.28
attack,bit_flip,0.1,pauli_x,6,0.864258,0.28,True,True,True,0.28
attack,bit_flip,0.1,pauli_x,7,0.774414,0.28,True,True,True,0.28
attack,bit_flip,0.1,pauli_x,8,0.864258,0.28,True,True,True,0.28
attack,bit_flip,0.1,pauli_x,9,0.863281,0.28,True,True,True,0.28
attack,bit_flip,0.1,pauli_x,10,0.726562,0.28,True,True,True,0.28
attack,bit_flip,0.1,pauli_x,11,0.679688,0.28,True,True,True,0.28
attack,bit_flip,0.1,pauli_x,12,0.22168,0.28,True,False,False,0.28
attack,bit_flip,0.1,pauli_x,13,0.758789,0.28,True,True,True,0.28
attack,bit_flip,0.1,pauli_x,14,0.172852,0.28,True,False,False,0.28
attack,bit_flip,0.1,pauli_x,15,0.710938,0.28,True,True,True,0.28
attack,bit_flip,0.1,pauli_x,16,0.242188,0.28,True,False,False,0.28
attack,bit_flip,0.1,pauli_x,17,0.805664,0.28,True,True,True,0.28
attack,bit_flip,0.1,pauli_x,18,0.259766,0.28,True,False,False,0.28
attack,bit_flip,0.1,pauli_x,19,0.18457,0.28,True,False,False,0.28
attack,bit_flip,0.1,pauli_x,20,0.802734,0.28,True,True,True,0.28
attack,bit_flip,0.1,pauli_y,1,0.28418,0.28,True,True,True,0.28
attack,bit_flip,0.1,pauli_y,2,0.200195,0.28,True,False,False,0.28
attack,bit_flip,0.1,pauli_y,3,0.210938,0.28,True,False,False,0.28
attack,bit_flip,0.1,pauli_y,4,0.818359,0.28,True,True,True,0.28
attack,bit_flip,0.1,pauli_y,5,0.8125,0.28,True,True,True,0.28
attack,bit_flip,0.1,pauli_y,6,0.768555,0.28,True,True,True,0.28
attack,bit_flip,0.1,pauli_y,7,0.826172,0.28,True,True,True,0.28
attack,bit_flip,0.1,pauli_y,8,0.750977,0.28,True,True,True,0.28
attack,bit_flip,0.1,pauli_y,9,0.204102,0.28,True,False,False,0.28
attack,bit_flip,0.1,pauli_y,10,0.208984,0.28,True,False,False,0.28
attack,bit_flip,0.1,pauli_y,11,0.275391,0.28,True,False,False,0.28
attack,bit_flip,0.1,pauli_y,12,0.862305,0.28,True,True,True,0.28
attack,bit_flip,0.1,pauli_y,13,0.745117,0.28,True,True,True,0.28
attack,bit_flip,0.1,pauli_y,14,0.264648,0.28,True,False,False,0.28
attack,bit_flip,0.1,pauli_y,15,0.955078,0.28,True,True,True,0.28
attack,bit_flip,0.1,pauli_y,16,0.829102,0.28,True,True,True,0.28
attack,bit_flip,0.1,pauli_y,17,0.887695,0.28,True,True,True,0.28
attack,bit_flip,0.1,pauli_y,18,0.220703,0.28,True,False,False,0.28
attack,bit_flip,0.1,pauli_y,19,0.763672,0.28,True,True,True,0.28
attack,bit_flip,0.1,pauli_y,20,0.816406,0.28,True,True,True,0.28
attack,bit_flip,0.1,pauli_z,1,0.800781,0.28,True,True,True,0.28
attack,bit_flip,0.1,pauli_z,2,0.759766,0.28,True,True,True,0.28
attack,bit_flip,0.1,pauli_z,3,0.791016,0.28,True,True,True,0.28
attack,bit_flip,0.1,pauli_z,4,0.060547,0.28,True,False,False,0.28
attack,bit_flip,0.1,pauli_z,5,0.755859,0.28,True,True,True,0.28
attack,bit_flip,0.1,pauli_z,6,0.760742,0.28,True,True,True,0.28
attack,bit_flip,0.1,pauli_z,7,0.821289,0.28,True,True,True,0.28
attack,bit_flip,0.1,pauli_z,8,0.051758,0.28,True,False,False,0.28
attack,bit_flip,0.1,pauli_z,9,0.125977,0.28,True,False,False,0.28
attack,bit_flip,0.1,pauli_z,10,0.046875,0.27875,False,False,False,0.28
attack,bit_flip,0.1,pauli_z,11,0.737305,0.28,True,True,True,0.28
attack,bit_flip,0.1,pauli_z,12,0.743164,0.28,True,True,True,0.28
attack,bit_flip,0.1,pauli_z,13,0.790039,0.28,True,True,True,0.28
attack,bit_flip,0.1,pauli_z,14,0.708008,0.28,True,True,True,0.28
attack,bit_flip,0.1,pauli_z,15,0.0625,0.28,True,False,False,0.28
attack,bit_flip,0.1,pauli_z,16,0.046875,0.27875,False,False,False,0.28
attack,bit_flip,0.1,pauli_z,17,0.051758,0.28,True,False,False,0.28
attack,bit_flip,0.1,pauli_z,18,0.145508,0.28,True,False,False,0.28
attack,bit_flip,0.1,pauli_z,19,0.044922,0.2779688,False,False,False,0.28
attack,bit_flip,0.1,pauli_z,20,0.786133,0.28,True,True,True,0.28
attack,bit_flip,0.1,entanglement_disruption,1,0.326172,0.28,True,True,True,0.28
attack,bit_flip,0.1,entanglement_disruption,2,0.301758,0.28,True,True,True,0.28
attack,bit_flip,0.1,entanglement_disruption,3,0.509766,0.28,True,True,True,0.28
attack,bit_flip,0.1,entanglement_disruption,4,0.318359,0.28,True,True,True,0.28
attack,bit_flip,0.1,entanglement_disruption,5,0.505859,0.28,True,True,True,0.28
attack,bit_flip,0.1,entanglement_disruption,6,0.515625,0.28,True,True,True,0.28
attack,bit_flip,0.1,entanglement_disruption,7,0.505859,0.28,True,True,True,0.28
attack,bit_flip,0.1,entanglement_disruption,8,0.485352,0.28,True,True,True,0.28
attack,bit_flip,0.1,entanglement_disruption,9,0.494141,0.28,True,True,True,0.28
attack,bit_flip,0.1,entanglement_disruption,10,0.487305,0.28,True,True,True,0.28
attack,bit_flip,0.1,entanglement_disruption,11,0.503906,0.28,True,True,True,0.28
attack,bit_flip,0.1,entanglement_disruption,12,0.331055,0.28,True,True,True,0.28
attack,bit_flip,0.1,entanglement_disruption,13,0.318359,0.28,True,True,True,0.28
attack,bit_flip,0.1,entanglement_disruption,14,0.506836,0.28,True,True,True,0.28
attack,bit_flip,0.1,entanglement_disruption,15,0.508789,0.28,True,True,True,0.28
attack,bit_flip,0.1,entanglement_disruption,16,0.326172,0.28,True,True,True,0.28
attack,bit_flip,0.1,entanglement_disruption,17,0.328125,0.28,True,True,True,0.28
attack,bit_flip,0.1,entanglement_disruption,18,0.339844,0.28,True,True,True,0.28
attack,bit_flip,0.1,entanglement_disruption,19,0.501953,0.28,True,True,True,0.28
attack,bit_flip,0.1,entanglement_disruption,20,0.469727,0.28,True,True,True,0.28
attack,phase_flip,0.1,pauli_x,1,1.0,0.28,True,True,True,0.28
attack,phase_flip,0.1,pauli_x,2,0.292969,0.28,True,True,True,0.28
attack,phase_flip,0.1,pauli_x,3,0.731445,0.28,True,True,True,0.28
attack,phase_flip,0.1,pauli_x,4,0.264648,0.28,True,False,False,0.28
attack,phase_flip,0.1,pauli_x,5,1.0,0.28,True,True,True,0.28
attack,phase_flip,0.1,pauli_x,6,0.724609,0.28,True,True,True,0.28
attack,phase_flip,0.1,pauli_x,7,0.289062,0.28,True,True,True,0.28
attack,phase_flip,0.1,pauli_x,8,1.0,0.28,True,True,True,0.28
attack,phase_flip,0.1,pauli_x,9,0.737305,0.28,True,True,True,0.28
attack,phase_flip,0.1,pauli_x,10,0.265625,0.28,True,False,False,0.28
attack,phase_flip,0.1,pauli_x,11,0.737305,0.28,True,True,True,0.28
attack,phase_flip,0.1,pauli_x,12,0.267578,0.28,True,False,False,0.28
attack,phase_flip,0.1,pauli_x,13,1.0,0.28,True,True,True,0.28
attack,phase_flip,0.1,pauli_x,14,0.288086,0.28,True,True,True,0.28
attack,phase_flip,0.1,pauli_x,15,1.0,0.28,True,True,True,0.28
attack,phase_flip,0.1,pauli_x,16,1.0,0.28,True,True,True,0.28
attack,phase_flip,0.1,pauli_x,17,0.253906,0.28,True,False,False,0.28
attack,phase_flip,0.1,pauli_x,18,1.0,0.28,True,True,True,0.28
attack,phase_flip,0.1,pauli_x,19,0.263672,0.28,True,False,False,0.28
attack,phase_flip,0.1,pauli_x,20,0.288086,0.28,True,True,True,0.28
attack,phase_flip,0.1,pauli_y,1,1.0,0.28,True,True,True,0.28
attack,phase_flip,0.1,pauli_y,2,0.768555,0.28,True,True,True,0.28
attack,phase_flip,0.1,pauli_y,3,1.0,0.28,True,True,True,0.28
attack,phase_flip,0.1,pauli_y,4,0.231445,0.28,True,False,False,0.28
attack,phase_flip,0.1,pauli_y,5,0.792969,0.28,True,True,True,0.28
attack,phase_flip,0.1,pauli_y,6,1.0,0.28,True,True,True,0.28
attack,phase_flip,0.1,pauli_y,7,0.208984,0.28,True,False,False,0.28
attack,phase_flip,0.1,pauli_y,8,1.0,0.28,True,True,True,0.28
attack,phase_flip,0.1,pauli_y,9,0.219727,0.28,True,False,False,0.28
attack,phase_flip,0.1,pauli_y,10,0.790039,0.28,True,True,True,0.28
attack,phase_flip,0.1,pauli_y,11,0.777344,0.28,True,True,True,0.28
attack,phase_flip,0.1,pauli_y,12,1.0,0.28,True,True,True,0.28
attack,phase_flip,0.1,pauli_y,13,1.0,0.28,True,True,True,0.28
attack,phase_flip,0.1,pauli_y,14,0.193359,0.28,True,False,False,0.28
attack,phase_flip,0.1,pauli_y,15,0.201172,0.28,True,False,False,0.28
attack,phase_flip,0.1,pauli_y,16,0.232422,0.28,True,False,False,0.28
attack,phase_flip,0.1,pauli_y,17,0.759766,0.28,True,True,True,0.28
attack,phase_flip,0.1,pauli_y,18,0.213867,0.28,True,False,False,0.28
attack,phase_flip,0.1,pauli_y,19,0.813477,0.28,True,True,True,0.28
attack,phase_flip,0.1,pauli_y,20,0.782227,0.28,True,True,True,0.28
attack,phase_flip,0.1,pauli_z,1,0.787109,0.28,True,True,True,0.28
attack,phase_flip,0.1,pauli_z,2,0.788086,0.28,True,True,True,0.28
attack,phase_flip,0.1,pauli_z,3,0.78418,0.28,True,True,True,0.28
attack,phase_flip,0.1,pauli_z,4,0.798828,0.28,True,True,True,0.28
attack,phase_flip,0.1,pauli_z,5,0.780273,0.28,True,True,True,0.28
attack,phase_flip,0.1,pauli_z,6,0.791016,0.28,True,True,True,0.28
attack,phase_flip,0.1,pauli_z,7,0.789062,0.28,True,True,True,0.28
attack,phase_flip,0.1,pauli_z,8,0.777344,0.28,True,True,True,0.28
attack,phase_flip,0.1,pauli_z,9,0.789062,0.28,True,True,True,0.28
attack,phase_flip,0.1,pauli_z,10,0.0,0.26,False,False,False,0.28
attack,phase_flip,0.1,pauli_z,11,0.805664,0.28,True,True,True,0.28
attack,phase_flip,0.1,pauli_z,12,0.0,0.26,False,False,False,0.28
attack,phase_flip,0.1,pauli_z,13,0.759766,0.28,True,True,True,0.28
attack,phase_flip,0.1,pauli_z,14,0.0,0.26,False,False,False,0.28
attack,phase_flip,0.1,pauli_z,15,0.792969,0.28,True,True,True,0.28
attack,phase_flip,0.1,pauli_z,16,0.0,0.26,False,False,False,0.28
attack,phase_flip,0.1,pauli_z,17,0.787109,0.28,True,True,True,0.28
attack,phase_flip,0.1,pauli_z,18,0.0,0.26,False,False,False,0.28
attack,phase_flip,0.1,pauli_z,19,0.0,0.26,False,False,False,0.28
attack,phase_flip,0.1,pauli_z,20,0.0,0.26,False,False,False,0.28
attack,phase_flip,0.1,entanglement_disruption,1,0.499023,0.28,True,True,True,0.28
attack,phase_flip,0.1,entanglement_disruption,2,0.493164,0.28,True,True,True,0.28
attack,phase_flip,0.1,entanglement_disruption,3,0.485352,0.28,True,True,True,0.28
attack,phase_flip,0.1,entanglement_disruption,4,0.337891,0.28,True,True,True,0.28
attack,phase_flip,0.1,entanglement_disruption,5,0.509766,0.28,True,True,True,0.28
attack,phase_flip,0.1,entanglement_disruption,6,0.495117,0.28,True,True,True,0.28
attack,phase_flip,0.1,entanglement_disruption,7,0.317383,0.28,True,True,True,0.28
attack,phase_flip,0.1,entanglement_disruption,8,0.489258,0.28,True,True,True,0.28
attack,phase_flip,0.1,entanglement_disruption,9,0.492188,0.28,True,True,True,0.28
attack,phase_flip,0.1,entanglement_disruption,10,0.484375,0.28,True,True,True,0.28
attack,phase_flip,0.1,entanglement_disruption,11,0.495117,0.28,True,True,True,0.28
attack,phase_flip,0.1,entanglement_disruption,12,0.507812,0.28,True,True,True,0.28
attack,phase_flip,0.1,entanglement_disruption,13,0.511719,0.28,True,True,True,0.28
attack,phase_flip,0.1,entanglement_disruption,14,0.500977,0.28,True,True,True,0.28
attack,phase_flip,0.1,entanglement_disruption,15,0.514648,0.28,True,True,True,0.28
attack,phase_flip,0.1,entanglement_disruption,16,0.320312,0.28,True,True,True,0.28
attack,phase_flip,0.1,entanglement_disruption,17,0.504883,0.28,True,True,True,0.28
attack,phase_flip,0.1,entanglement_disruption,18,0.484375,0.28,True,True,True,0.28
attack,phase_flip,0.1,entanglement_disruption,19,0.514648,0.28,True,True,True,0.28
attack,phase_flip,0.1,entanglement_disruption,20,0.520508,0.28,True,True,True,0.28
attack,bit_phase_flip,0.1,pauli_x,1,0.868164,0.28,True,True,True,0.28
attack,bit_phase_flip,0.1,pauli_x,2,0.830078,0.28,True,True,True,0.28
attack,bit_phase_flip,0.1,pauli_x,3,0.382812,0.28,True,True,True,0.28
attack,bit_phase_flip,0.1,pauli_x,4,0.641602,0.28,True,True,True,0.28
attack,bit_phase_flip,0.1,pauli_x,5,0.651367,0.28,True,True,True,0.28
attack,bit_phase_flip,0.1,pauli_x,6,0.345703,0.28,True,True,True,0.28
attack,bit_phase_flip,0.1,pauli_x,7,0.706055,0.28,True,True,True,0.28
attack,bit_phase_flip,0.1,pauli_x,8,0.723633,0.28,True,True,True,0.28
attack,bit_phase_flip,0.1,pauli_x,9,0.6875,0.28,True,True,True,0.28
attack,bit_phase_flip,0.1,pauli_x,10,0.396484,0.28,True,True,True,0.28
attack,bit_phase_flip,0.1,pauli_x,11,0.710938,0.28,True,True,True,0.28
attack,bit_phase_flip,0.1,pauli_x,12,0.853516,0.28,True,True,True,0.28
attack,bit_phase_flip,0.1,pauli_x,13,0.791992,0.28,True,True,True,0.28
attack,bit_phase_flip,0.1,pauli_x,14,0.87207,0.28,True,True,True,0.28
attack,bit_phase_flip,0.1,pauli_x,15,0.698242,0.28,True,True,True,0.28
attack,bit_phase_flip,0.1,pauli_x,16,0.642578,0.28,True,True,True,0.28
attack,bit_phase_flip,0.1,pauli_x,17,0.65625,0.28,True,True,True,0.28
attack,bit_phase_flip,0.1,pauli_x,18,0.802734,0.28,True,True,True,0.28
attack,bit_phase_flip,0.1,pauli_x,19,0.665039,0.28,True,True,True,0.28
attack,bit_phase_flip,0.1,pauli_x,20,0.680664,0.28,True,True,True,0.28
attack,bit_phase_flip,0.1,pauli_y,1,0.295898,0.28,True,True,True,0.28
attack,bit_phase_flip,0.1,pauli_y,2,0.87207,0.28,True,True,True,0.28
attack,bit_phase_flip,0.1,pauli_y,3,0.274414,0.28,True,False,False,0.28
attack,bit_phase_flip,0.1,pauli_y,4,0.857422,0.28,True,True,True,0.28
attack,bit_phase_flip,0.1,pauli_y,5,0.938477,0.28,True,True,True,0.28
attack,bit_phase_flip,0.1,pauli_y,6,0.342773,0.28,True,True,True,0.28
attack,bit_phase_flip,0.1,pauli_y,7,0.304688,0.28,True,True,True,0.28
attack,bit_phase_flip,0.1,pauli_y,8,0.28418,0.28,True,True,True,0.28
attack,bit_phase_flip,0.1,pauli_y,9,0.354492,0.28,True,True,True,0.28
attack,bit_phase_flip,0.1,pauli_y,10,0.625,0.28,True,True,True,0.28
attack,bit_phase_flip,0.1,pauli_y,11,0.871094,0.28,True,True,True,0.28
attack,bit_phase_flip,0.1,pauli_y,12,0.957031,0.28,True,True,True,0.28
attack,bit_phase_flip,0.1,pauli_y,13,0.328125,0.28,True,True,True,0.28
attack,bit_phase_flip,0.1,pauli_y,14,0.865234,0.28,True,True,True,0.28
attack,bit_phase_flip,0.1,pauli_y,15,0.275391,0.28,True,False,False,0.28
attack,bit_phase_flip,0.1,pauli_y,16,0.939453,0.28,True,True,True,0.28
attack,bit_phase_flip,0.1,pauli_y,17,0.950195,0.28,True,True,True,0.28
attack,bit_phase_flip,0.1,pauli_y,18,0.65625,0.28,True,True,True,0.28
attack,bit_phase_flip,0.1,pauli_y,19,0.863281,0.28,True,True,True,0.28
attack,bit_phase_flip,0.1,pauli_y,20,0.355469,0.28,True,True,True,0.28
attack,bit_phase_flip,0.1,pauli_z,1,0.132812,0.28,True,False,False,0.28
attack,bit_phase_flip,0.1,pauli_z,2,0.135742,0.28,True,False,False,0.28
attack,bit_phase_flip,0.1,pauli_z,3,0.044922,0.2779688,False,False,False,0.28
attack,bit_phase_flip,0.1,pauli_z,4,0.126953,0.28,True,False,False,0.28
attack,bit_phase_flip,0.1,pauli_z,5,0.705078,0.28,True,True,True,0.28
attack,bit_phase_flip,0.1,pauli_z,6,0.689453,0.28,True,True,True,0.28
attack,bit_phase_flip,0.1,pauli_z,7,0.695312,0.28,True,True,True,0.28
attack,bit_phase_flip,0.1,pauli_z,8,0.642578,0.28,True,True,True,0.28
attack,bit_phase_flip,0.1,pauli_z,9,0.683594,0.28,True,True,True,0.28
attack,bit_phase_flip,0.1,pauli_z,10,0.053711,0.28,True,False,False,0.28
attack,bit_phase_flip,0.1,pauli_z,11,0.663086,0.28,True,True,True,0.28
attack,bit_phase_flip,0.1,pauli_z,12,0.619141,0.28,True,True,True,0.28
attack,bit_phase_flip,0.1,pauli_z,13,0.620117,0.28,True,True,True,0.28
attack,bit_phase_flip,0.1,pauli_z,14,0.6875,0.28,True,True,True,0.28
attack,bit_phase_flip,0.1,pauli_z,15,0.05957,0.28,True,False,False,0.28
attack,bit_phase_flip,0.1,pauli_z,16,0.667969,0.28,True,True,True,0.28
attack,bit_phase_flip,0.1,pauli_z,17,0.682617,0.28,True,True,True,0.28
attack,bit_phase_flip,0.1,pauli_z,18,0.720703,0.28,True,True,True,0.28
attack,bit_phase_flip,0.1,pauli_z,19,0.048828,0.27953120000000004,False,False,False,0.28
attack,bit_phase_flip,0.1,pauli_z,20,0.048828,0.27953120000000004,False,False,False,0.28
attack,bit_phase_flip,0.1,entanglement_disruption,1,0.499023,0.28,True,True,True,0.28
attack,bit_phase_flip,0.1,entanglement_disruption,2,0.303711,0.28,True,True,True,0.28
attack,bit_phase_flip,0.1,entanglement_disruption,3,0.344727,0.28,True,True,True,0.28
attack,bit_phase_flip,0.1,entanglement_disruption,4,0.477539,0.28,True,True,True,0.28
attack,bit_phase_flip,0.1,entanglement_disruption,5,0.500977,0.28,True,True,True,0.28
attack,bit_phase_flip,0.1,entanglement_disruption,6,0.327148,0.28,True,True,True,0.28
attack,bit_phase_flip,0.1,entanglement_disruption,7,0.53125,0.28,True,True,True,0.28
attack,bit_phase_flip,0.1,entanglement_disruption,8,0.492188,0.28,True,True,True,0.28
attack,bit_phase_flip,0.1,entanglement_disruption,9,0.299805,0.28,True,True,True,0.28
attack,bit_phase_flip,0.1,entanglement_disruption,10,0.508789,0.28,True,True,True,0.28
attack,bit_phase_flip,0.1,entanglement_disruption,11,0.520508,0.28,True,True,True,0.28
attack,bit_phase_flip,0.1,entanglement_disruption,12,0.496094,0.28,True,True,True,0.28
attack,bit_phase_flip,0.1,entanglement_disruption,13,0.334961,0.28,True,True,True,0.28
attack,bit_phase_flip,0.1,entanglement_disruption,14,0.501953,0.28,True,True,True,0.28
attack,bit_phase_flip,0.1,entanglement_disruption,15,0.30957,0.28,True,True,True,0.28
attack,bit_phase_flip,0.1,entanglement_disruption,16,0.488281,0.28,True,True,True,0.28
attack,bit_phase_flip,0.1,entanglement_disruption,17,0.3125,0.28,True,True,True,0.28
attack,bit_phase_flip,0.1,entanglement_disruption,18,0.291016,0.28,True,True,True,0.28
attack,bit_phase_flip,0.1,entanglement_disruption,19,0.337891,0.28,True,True,True,0.28
attack,bit_phase_flip,0.1,entanglement_disruption,20,0.480469,0.28,True,True,True,0.28
attack,depolarizing,0.1,pauli_x,1,0.216797,0.28,True,False,False,0.28
attack,depolarizing,0.1,pauli_x,2,0.779297,0.28,True,True,True,0.28
attack,depolarizing,0.1,pauli_x,3,0.895508,0.28,True,True,True,0.28
attack,depolarizing,0.1,pauli_x,4,0.743164,0.28,True,True,True,0.28
attack,depolarizing,0.1,pauli_x,5,0.244141,0.28,True,False,False,0.28
attack,depolarizing,0.1,pauli_x,6,0.239258,0.28,True,False,False,0.28
attack,depolarizing,0.1,pauli_x,7,0.929688,0.28,True,True,True,0.28
attack,depolarizing,0.1,pauli_x,8,0.219727,0.28,True,False,False,0.28
attack,depolarizing,0.1,pauli_x,9,0.261719,0.28,True,False,False,0.28
attack,depolarizing,0.1,pauli_x,10,0.924805,0.28,True,True,True,0.28
attack,depolarizing,0.1,pauli_x,11,0.883789,0.28,True,True,True,0.28
attack,depolarizing,0.1,pauli_x,12,0.201172,0.28,True,False,False,0.28
attack,depolarizing,0.1,pauli_x,13,0.227539,0.28,True,False,False,0.28
attack,depolarizing,0.1,pauli_x,14,0.879883,0.28,True,True,True,0.28
attack,depolarizing,0.1,pauli_x,15,0.242188,0.28,True,False,False,0.28
attack,depolarizing,0.1,pauli_x,16,0.765625,0.28,True,True,True,0.28
attack,depolarizing,0.1,pauli_x,17,0.745117,0.28,True,True,True,0.28
attack,depolarizing,0.1,pauli_x,18,0.944336,0.28,True,True,True,0.28
attack,depolarizing,0.1,pauli_x,19,0.894531,0.28,True,True,True,0.28
attack,depolarizing,0.1,pauli_x,20,0.766602,0.28,True,True,True,0.28
attack,depolarizing,0.1,pauli_y,1,0.814453,0.28,True,True,True,0.28
attack,depolarizing,0.1,pauli_y,2,0.935547,0.28,True,True,True,0.28
attack,depolarizing,0.1,pauli_y,3,0.800781,0.28,True,True,True,0.28
attack,depolarizing,0.1,pauli_y,4,0.930664,0.28,True,True,True,0.28
attack,depolarizing,0.1,pauli_y,5,0.922852,0.28,True,True,True,0.28
attack,depolarizing,0.1,pauli_y,6,0.921875,0.28,True,True,True,0.28
attack,depolarizing,0.1,pauli_y,7,0.799805,0.28,True,True,True,0.28
attack,depolarizing,0.1,pauli_y,8,0.970703,0.28,True,True,True,0.28
attack,depolarizing,0.1,pauli_y,9,0.777344,0.28,True,True,True,0.28
attack,depolarizing,0.1,pauli_y,10,0.225586,0.28,True,False,False,0.28
attack,depolarizing,0.1,pauli_y,11,0.78418,0.28,True,True,True,0.28
attack,depolarizing,0.1,pauli_y,12,0.804688,0.28,True,True,True,0.28
attack,depolarizing,0.1,pauli_y,13,0.81543,0.28,True,True,True,0.28
attack,depolarizing,0.1,pauli_y,14,0.253906,0.28,True,False,False,0.28
attack,depolarizing,0.1,pauli_y,15,0.232422,0.28,True,False,False,0.28
attack,depolarizing,0.1,pauli_y,16,0.232422,0.28,True,False,False,0.28
attack,depolarizing,0.1,pauli_y,17,0.208984,0.28,True,False,False,0.28
attack,depolarizing,0.1,pauli_y,18,0.821289,0.28,True,True,True,0.28
attack,depolarizing,0.1,pauli_y,19,0.799805,0.28,True,True,True,0.28
attack,depolarizing,0.1,pauli_y,20,0.258789,0.28,True,False,False,0.28
attack,depolarizing,0.1,pauli_z,1,0.788086,0.28,True,True,True,0.28
attack,depolarizing,0.1,pauli_z,2,0.023438,0.26937520000000004,False,False,False,0.28
attack,depolarizing,0.1,pauli_z,3,0.756836,0.28,True,True,True,0.28
attack,depolarizing,0.1,pauli_z,4,0.771484,0.28,True,True,True,0.28
attack,depolarizing,0.1,pauli_z,5,0.797852,0.28,True,True,True,0.28
attack,depolarizing,0.1,pauli_z,6,0.779297,0.28,True,True,True,0.28
attack,depolarizing,0.1,pauli_z,7,0.759766,0.28,True,True,True,0.28
attack,depolarizing,0.1,pauli_z,8,0.773438,0.28,True,True,True,0.28
attack,depolarizing,0.1,pauli_z,9,0.743164,0.28,True,True,True,0.28
attack,depolarizing,0.1,pauli_z,10,0.069336,0.28,True,False,False,0.28
attack,depolarizing,0.1,pauli_z,11,0.803711,0.28,True,True,True,0.28
attack,depolarizing,0.1,pauli_z,12,0.813477,0.28,True,True,True,0.28
attack,depolarizing,0.1,pauli_z,13,0.022461,0.2689844,False,False,False,0.28
attack,depolarizing,0.1,pauli_z,14,0.020508,0.26820320000000003,False,False,False,0.28
attack,depolarizing,0.1,pauli_z,15,0.75293,0.28,True,True,True,0.28
attack,depolarizing,0.1,pauli_z,16,0.775391,0.28,True,True,True,0.28
attack,depolarizing,0.1,pauli_z,17,0.070312,0.28,True,False,False,0.28
attack,depolarizing,0.1,pauli_z,18,0.772461,0.28,True,True,True,0.28
attack,depolarizing,0.1,pauli_z,19,0.725586,0.28,True,True,True,0.28
attack,depolarizing,0.1,pauli_z,20,0.771484,0.28,True,True,True,0.28
attack,depolarizing,0.1,entanglement_disruption,1,0.291016,0.28,True,True,True,0.28
attack,depolarizing,0.1,entanglement_disruption,2,0.46582,0.28,True,True,True,0.28
attack,depolarizing,0.1,entanglement_disruption,3,0.307617,0.28,True,True,True,0.28
attack,depolarizing,0.1,entanglement_disruption,4,0.49707,0.28,True,True,True,0.28
attack,depolarizing,0.1,entanglement_disruption,5,0.489258,0.28,True,True,True,0.28
attack,depolarizing,0.1,entanglement_disruption,6,0.257812,0.28,True,False,False,0.28
attack,depolarizing,0.1,entanglement_disruption,7,0.516602,0.28,True,True,True,0.28
attack,depolarizing,0.1,entanglement_disruption,8,0.476562,0.28,True,True,True,0.28
attack,depolarizing,0.1,entanglement_disruption,9,0.460938,0.28,True,True,True,0.28
attack,depolarizing,0.1,entanglement_disruption,10,0.519531,0.28,True,True,True,0.28
attack,depolarizing,0.1,entanglement_disruption,11,0.295898,0.28,True,True,True,0.28
attack,depolarizing,0.1,entanglement_disruption,12,0.487305,0.28,True,True,True,0.28
attack,depolarizing,0.1,entanglement_disruption,13,0.28418,0.28,True,True,True,0.28
attack,depolarizing,0.1,entanglement_disruption,14,0.532227,0.28,True,True,True,0.28
attack,depolarizing,0.1,entanglement_disruption,15,0.317383,0.28,True,True,True,0.28
attack,depolarizing,0.1,entanglement_disruption,16,0.276367,0.28,True,False,False,0.28
attack,depolarizing,0.1,entanglement_disruption,17,0.511719,0.28,True,True,True,0.28
attack,depolarizing,0.1,entanglement_disruption,18,0.493164,0.28,True,True,True,0.28
attack,depolarizing,0.1,entanglement_disruption,19,0.504883,0.28,True,True,True,0.28
attack,depolarizing,0.1,entanglement_disruption,20,0.515625,0.28,True,True,True,0.28
attack,readout,0.1,pauli_x,1,0.799805,0.28,True,True,True,0.28
attack,readout,0.1,pauli_x,2,0.837891,0.28,True,True,True,0.28
attack,readout,0.1,pauli_x,3,0.767578,0.28,True,True,True,0.28
attack,readout,0.1,pauli_x,4,0.183594,0.28,True,False,False,0.28
attack,readout,0.1,pauli_x,5,0.175781,0.28,True,False,False,0.28
attack,readout,0.1,pauli_x,6,0.166016,0.28,True,False,False,0.28
attack,readout,0.1,pauli_x,7,0.175781,0.28,True,False,False,0.28
attack,readout,0.1,pauli_x,8,0.163086,0.28,True,False,False,0.28
attack,readout,0.1,pauli_x,9,0.163086,0.28,True,False,False,0.28
attack,readout,0.1,pauli_x,10,0.743164,0.28,True,True,True,0.28
attack,readout,0.1,pauli_x,11,0.751953,0.28,True,True,True,0.28
attack,readout,0.1,pauli_x,12,0.818359,0.28,True,True,True,0.28
attack,readout,0.1,pauli_x,13,0.749023,0.28,True,True,True,0.28
attack,readout,0.1,pauli_x,14,0.170898,0.28,True,False,False,0.28
attack,readout,0.1,pauli_x,15,0.749023,0.28,True,True,True,0.28
attack,readout,0.1,pauli_x,16,0.199219,0.28,True,False,False,0.28
attack,readout,0.1,pauli_x,17,0.808594,0.28,True,True,True,0.28
attack,readout,0.1,pauli_x,18,0.775391,0.28,True,True,True,0.28
attack,readout,0.1,pauli_x,19,0.848633,0.28,True,True,True,0.28
attack,readout,0.1,pauli_x,20,0.796875,0.28,True,True,True,0.28
attack,readout,0.1,pauli_y,1,0.811523,0.28,True,True,True,0.28
attack,readout,0.1,pauli_y,2,0.239258,0.28,True,False,False,0.28
attack,readout,0.1,pauli_y,3,0.828125,0.28,True,True,True,0.28
attack,readout,0.1,pauli_y,4,0.804688,0.28,True,True,True,0.28
attack,readout,0.1,pauli_y,5,0.258789,0.28,True,False,False,0.28
attack,readout,0.1,pauli_y,6,0.257812,0.28,True,False,False,0.28
attack,readout,0.1,pauli_y,7,0.8125,0.28,True,True,True,0.28
attack,readout,0.1,pauli_y,8,0.807617,0.28,True,True,True,0.28
attack,readout,0.1,pauli_y,9,0.24707,0.28,True,False,False,0.28
attack,readout,0.1,pauli_y,10,0.832031,0.28,True,True,True,0.28
attack,readout,0.1,pauli_y,11,0.845703,0.28,True,True,True,0.28
attack,readout,0.1,pauli_y,12,0.25,0.28,True,False,False,0.28
attack,readout,0.1,pauli_y,13,0.833008,0.28,True,True,True,0.28
attack,readout,0.1,pauli_y,14,0.825195,0.28,True,True,True,0.28
attack,readout,0.1,pauli_y,15,0.819336,0.28,True,True,True,0.28
attack,readout,0.1,pauli_y,16,0.223633,0.28,True,False,False,0.28
attack,readout,0.1,pauli_y,17,0.825195,0.28,True,True,True,0.28
attack,readout,0.1,pauli_y,18,0.253906,0.28,True,False,False,0.28
attack,readout,0.1,pauli_y,19,0.798828,0.28,True,True,True,0.28
attack,readout,0.1,pauli_y,20,0.240234,0.28,True,False,False,0.28
attack,readout,0.1,pauli_z,1,0.839844,0.28,True,True,True,0.28
attack,readout,0.1,pauli_z,2,0.168945,0.28,True,False,False,0.28
attack,readout,0.1,pauli_z,3,0.169922,0.28,True,False,False,0.28
attack,readout,0.1,pauli_z,4,0.199219,0.28,True,False,False,0.28
attack,readout,0.1,pauli_z,5,0.807617,0.28,True,True,True,0.28
attack,readout,0.1,pauli_z,6,0.832031,0.28,True,True,True,0.28
attack,readout,0.1,pauli_z,7,0.804688,0.28,True,True,True,0.28
attack,readout,0.1,pauli_z,8,0.835938,0.28,True,True,True,0.28
attack,readout,0.1,pauli_z,9,0.818359,0.28,True,True,True,0.28
attack,readout,0.1,pauli_z,10,0.758789,0.28,True,True,True,0.28
attack,readout,0.1,pauli_z,11,0.176758,0.28,True,False,False,0.28
attack,readout,0.1,pauli_z,12,0.799805,0.28,True,True,True,0.28
attack,readout,0.1,pauli_z,13,0.763672,0.28,True,True,True,0.28
attack,readout,0.1,pauli_z,14,0.170898,0.28,True,False,False,0.28
attack,readout,0.1,pauli_z,15,0.745117,0.28,True,True,True,0.28
attack,readout,0.1,pauli_z,16,0.75,0.28,True,True,True,0.28
attack,readout,0.1,pauli_z,17,0.824219,0.28,True,True,True,0.28
attack,readout,0.1,pauli_z,18,0.768555,0.28,True,True,True,0.28
attack,readout,0.1,pauli_z,19,0.810547,0.28,True,True,True,0.28
attack,readout,0.1,pauli_z,20,0.827148,0.28,True,True,True,0.28
attack,readout,0.1,entanglement_disruption,1,0.505859,0.28,True,True,True,0.28
attack,readout,0.1,entanglement_disruption,2,0.260742,0.28,True,False,False,0.28
attack,readout,0.1,entanglement_disruption,3,0.483398,0.28,True,True,True,0.28
attack,readout,0.1,entanglement_disruption,4,0.50293,0.28,True,True,True,0.28
attack,readout,0.1,entanglement_disruption,5,0.230469,0.28,True,False,False,0.28
attack,readout,0.1,entanglement_disruption,6,0.488281,0.28,True,True,True,0.28
attack,readout,0.1,entanglement_disruption,7,0.495117,0.28,True,True,True,0.28
attack,readout,0.1,entanglement_disruption,8,0.494141,0.28,True,True,True,0.28
attack,readout,0.1,entanglement_disruption,9,0.24707,0.28,True,False,False,0.28
attack,readout,0.1,entanglement_disruption,10,0.489258,0.28,True,True,True,0.28
attack,readout,0.1,entanglement_disruption,11,0.493164,0.28,True,True,True,0.28
attack,readout,0.1,entanglement_disruption,12,0.510742,0.28,True,True,True,0.28
attack,readout,0.1,entanglement_disruption,13,0.494141,0.28,True,True,True,0.28
attack,readout,0.1,entanglement_disruption,14,0.509766,0.28,True,True,True,0.28
attack,readout,0.1,entanglement_disruption,15,0.489258,0.28,True,True,True,0.28
attack,readout,0.1,entanglement_disruption,16,0.505859,0.28,True,True,True,0.28
attack,readout,0.1,entanglement_disruption,17,0.486328,0.28,True,True,True,0.28
attack,readout,0.1,entanglement_disruption,18,0.508789,0.28,True,True,True,0.28
attack,readout,0.1,entanglement_disruption,19,0.523438,0.28,True,True,True,0.28
attack,readout,0.1,entanglement_disruption,20,0.492188,0.28,True,True,True,0.28
normal,bit_flip,0.0,none,1,0.0,0.26,False,False,True,0.3
normal,bit_flip,0.0,none,2,0.0,0.26,False,False,True,0.3
normal,bit_flip,0.0,none,3,0.0,0.26,False,False,True,0.3
normal,bit_flip,0.0,none,4,0.0,0.26,False,False,True,0.3
normal,bit_flip,0.0,none,5,0.0,0.26,False,False,True,0.3
normal,bit_flip,0.0,none,6,0.0,0.26,False,False,True,0.3
normal,bit_flip,0.0,none,7,0.0,0.26,False,False,True,0.3
normal,bit_flip,0.0,none,8,0.0,0.26,False,False,True,0.3
normal,bit_flip,0.0,none,9,0.0,0.26,False,False,True,0.3
normal,bit_flip,0.0,none,10,0.0,0.26,False,False,True,0.3
normal,bit_flip,0.0,none,11,0.0,0.26,False,False,True,0.3
normal,bit_flip,0.0,none,12,0.0,0.26,False,False,True,0.3
normal,bit_flip,0.0,none,13,0.0,0.26,False,False,True,0.3
normal,bit_flip,0.0,none,14,0.0,0.26,False,False,True,0.3
normal,bit_flip,0.0,none,15,0.0,0.26,False,False,True,0.3
normal,bit_flip,0.0,none,16,0.0,0.26,False,False,True,0.3
normal,bit_flip,0.0,none,17,0.0,0.26,False,False,True,0.3
normal,bit_flip,0.0,none,18,0.0,0.26,False,False,True,0.3
normal,bit_flip,0.0,none,19,0.0,0.26,False,False,True,0.3
normal,bit_flip,0.0,none,20,0.0,0.26,False,False,True,0.3
normal,bit_flip,0.05,none,1,0.133789,0.3,True,False,True,0.3
normal,bit_flip,0.05,none,2,0.170898,0.3,True,False,True,0.3
normal,bit_flip,0.05,none,3,0.026367,0.27054680000000003,False,False,True,0.3
normal,bit_flip,0.05,none,4,0.0625,0.28500000000000003,False,False,True,0.3
normal,bit_flip,0.05,none,5,0.085938,0.2943752,False,False,True,0.3
normal,bit_flip,0.05,none,6,0.074219,0.2896876,False,False,True,0.3
normal,bit_flip,0.05,none,7,0.126953,0.3,True,False,True,0.3
normal,bit_flip,0.05,none,8,0.095703,0.2982812,False,False,True,0.3
normal,bit_flip,0.05,none,9,0.145508,0.3,True,False,True,0.3
normal,bit_flip,0.05,none,10,0.116211,0.3,True,False,True,0.3
normal,bit_flip,0.05,none,11,0.083008,0.2932032,False,False,True,0.3
normal,bit_flip,0.05,none,12,0.107422,0.3,True,False,True,0.3
normal,bit_flip,0.05,none,13,0.026367,0.27054680000000003,False,False,True,0.3
normal,bit_flip,0.05,none,14,0.018555,0.267422,False,False,True,0.3
normal,bit_flip,0.05,none,15,0.081055,0.292422,False,False,True,0.3
normal,bit_flip,0.05,none,16,0.081055,0.292422,False,False,True,0.3
normal,bit_flip,0.05,none,17,0.017578,0.2670312,False,False,True,0.3
normal,bit_flip,0.05,none,18,0.143555,0.3,True,False,True,0.3
normal,bit_flip,0.05,none,19,0.111328,0.3,True,False,True,0.3
normal,bit_flip,0.05,none,20,0.023438,0.26937520000000004,False,False,True,0.3
normal,bit_flip,0.1,none,1,0.242188,0.3,True,False,True,0.3
normal,bit_flip,0.1,none,2,0.148438,0.3,True,False,True,0.3
normal,bit_flip,0.1,none,3,0.205078,0.3,True,False,True,0.3
normal,bit_flip,0.1,none,4,0.282227,0.3,True,False,True,0.3
normal,bit_flip,0.1,none,5,0.057617,0.2830468,False,False,True,0.3
normal,bit_flip,0.1,none,6,0.224609,0.3,True,False,True,0.3
normal,bit_flip,0.1,none,7,0.228516,0.3,True,False,True,0.3
normal,bit_flip,0.1,none,8,0.167969,0.3,True,False,True,0.3
normal,bit_flip,0.1,none,9,0.245117,0.3,True,False,True,0.3
normal,bit_flip,0.1,none,10,0.267578,0.3,True,False,True,0.3
normal,bit_flip,0.1,none,11,0.044922,0.2779688,False,False,True,0.3
normal,bit_flip,0.1,none,12,0.21875,0.3,True,False,True,0.3
normal,bit_flip,0.1,none,13,0.289062,0.3,True,False,True,0.3
normal,bit_flip,0.1,none,14,0.046875,0.27875,False,False,True,0.3
normal,bit_flip,0.1,none,15,0.238281,0.3,True,False,True,0.3
normal,bit_flip,0.1,none,16,0.179688,0.3,True,False,True,0.3
normal,bit_flip,0.1,none,17,0.189453,0.3,True,False,True,0.3
normal,bit_flip,0.1,none,18,0.238281,0.3,True,False,True,0.3
normal,bit_flip,0.1,none,19,0.193359,0.3,True,False,True,0.3
normal,bit_flip,0.1,none,20,0.196289,0.3,True,False,True,0.3
normal,bit_flip,0.15,none,1,0.355469,0.3,True,True,False,0.3
normal,bit_flip,0.15,none,2,0.276367,0.3,True,False,True,0.3
normal,bit_flip,0.15,none,3,0.321289,0.3,True,True,False,0.3
normal,bit_flip,0.15,none,4,0.333984,0.3,True,True,False,0.3
normal,bit_flip,0.15,none,5,0.333984,0.3,True,True,False,0.3
normal,bit_flip,0.15,none,6,0.354492,0.3,True,True,False,0.3
normal,bit_flip,0.15,none,7,0.072266,0.2889064,False,False,True,0.3
normal,bit_flip,0.15,none,8,0.364258,0.3,True,True,False,0.3
normal,bit_flip,0.15,none,9,0.362305,0.3,True,True,False,0.3
normal,bit_flip,0.15,none,10,0.355469,0.3,True,True,False,0.3
normal,bit_flip,0.15,none,11,0.289062,0.3,True,False,True,0.3
normal,bit_flip,0.15,none,12,0.086914,0.2947656,False,False,True,0.3
normal,bit_flip,0.15,none,13,0.296875,0.3,True,False,True,0.3
normal,bit_flip,0.15,none,14,0.249023,0.3,True,False,True,0.3
normal,bit_flip,0.15,none,15,0.34668,0.3,True,True,False,0.3
normal,bit_flip,0.15,none,16,0.371094,0.3,True,True,False,0.3
normal,bit_flip,0.15,none,17,0.333008,0.3,True,True,False,0.3
normal,bit_flip,0.15,none,18,0.264648,0.3,True,False,True,0.3
normal,bit_flip,0.15,none,19,0.285156,0.3,True,False,True,0.3
normal,bit_flip,0.15,none,20,0.301758,0.3,True,True,False,0.3
normal,bit_flip,0.2,none,1,0.410156,0.3,True,True,False,0.3
normal,bit_flip,0.2,none,2,0.297852,0.3,True,False,True,0.3
normal,bit_flip,0.2,none,3,0.326172,0.3,True,True,False,0.3
normal,bit_flip,0.2,none,4,0.314453,0.3,True,True,False,0.3
normal,bit_flip,0.2,none,5,0.369141,0.3,True,True,False,0.3
normal,bit_flip,0.2,none,6,0.101562,0.3,True,False,True,0.3
normal,bit_flip,0.2,none,7,0.099609,0.2998436,False,False,True,0.3
normal,bit_flip,0.2,none,8,0.320312,0.3,True,True,False,0.3
normal,bit_flip,0.2,none,9,0.443359,0.3,True,True,False,0.3
normal,bit_flip,0.2,none,10,0.417969,0.3,True,True,False,0.3
normal,bit_flip,0.2,none,11,0.095703,0.2982812,False,False,True,0.3
normal,bit_flip,0.2,none,12,0.40918,0.3,True,True,False,0.3
normal,bit_flip,0.2,none,13,0.262695,0.3,True,False,True,0.3
normal,bit_flip,0.2,none,14,0.243164,0.3,True,False,True,0.3
normal,bit_flip,0.2,none,15,0.298828,0.3,True,False,True,0.3
normal,bit_flip,0.2,none,16,0.24707,0.3,True,False,True,0.3
normal,bit_flip,0.2,none,17,0.390625,0.3,True,True,False,0.3
normal,bit_flip,0.2,none,18,0.320312,0.3,True,True,False,0.3
normal,bit_flip,0.2,none,19,0.270508,0.3,True,False,True,0.3
normal,bit_flip,0.2,none,20,0.415039,0.3,True,True,False,0.3
normal,phase_flip,0.0,none,1,0.0,0.26,False,False,True,0.3
normal,phase_flip,0.0,none,2,0.0,0.26,False,False,True,0.3
normal,phase_flip,0.0,none,3,0.0,0.26,False,False,True,0.3
normal,phase_flip,0.0,none,4,0.0,0.26,False,False,True,0.3
normal,phase_flip,0.0,none,5,0.0,0.26,False,False,True,0.3
normal,phase_flip,0.0,none,6,0.0,0.26,False,False,True,0.3
normal,phase_flip,0.0,none,7,0.0,0.26,False,False,True,0.3
normal,phase_flip,0.0,none,8,0.0,0.26,False,False,True,0.3
normal,phase_flip,0.0,none,9,0.0,0.26,False,False,True,0.3
normal,phase_flip,0.0,none,10,0.0,0.26,False,False,True,0.3
normal,phase_flip,0.0,none,11,0.0,0.26,False,False,True,0.3
normal,phase_flip,0.0,none,12,0.0,0.26,False,False,True,0.3
normal,phase_flip,0.0,none,13,0.0,0.26,False,False,True,0.3
normal,phase_flip,0.0,none,14,0.0,0.26,False,False,True,0.3
normal,phase_flip,0.0,none,15,0.0,0.26,False,False,True,0.3
normal,phase_flip,0.0,none,16,0.0,0.26,False,False,True,0.3
normal,phase_flip,0.0,none,17,0.0,0.26,False,False,True,0.3
normal,phase_flip,0.0,none,18,0.0,0.26,False,False,True,0.3
normal,phase_flip,0.0,none,19,0.0,0.26,False,False,True,0.3
normal,phase_flip,0.0,none,20,0.0,0.26,False,False,True,0.3
normal,phase_flip,0.05,none,1,0.110352,0.3,True,False,True,0.3
normal,phase_flip,0.05,none,2,0.09375,0.2975,False,False,True,0.3
normal,phase_flip,0.05,none,3,0.119141,0.3,True,False,True,0.3
normal,phase_flip,0.05,none,4,0.0,0.26,False,False,True,0.3
normal,phase_flip,0.05,none,5,0.0,0.26,False,False,True,0.3
normal,phase_flip,0.05,none,6,0.0,0.26,False,False,True,0.3
normal,phase_flip,0.05,none,7,0.121094,0.3,True,False,True,0.3
normal,phase_flip,0.05,none,8,0.138672,0.3,True,False,True,0.3
normal,phase_flip,0.05,none,9,0.111328,0.3,True,False,True,0.3
normal,phase_flip,0.05,none,10,0.094727,0.2978908,False,False,True,0.3
normal,phase_flip,0.05,none,11,0.0,0.26,False,False,True,0.3
normal,phase_flip,0.05,none,12,0.0,0.26,False,False,True,0.3
normal,phase_flip,0.05,none,13,0.123047,0.3,True,False,True,0.3
normal,phase_flip,0.05,none,14,0.101562,0.3,True,False,True,0.3
normal,phase_flip,0.05,none,15,0.0,0.26,False,False,True,0.3
normal,phase_flip,0.05,none,16,0.132812,0.3,True,False,True,0.3
normal,phase_flip,0.05,none,17,0.103516,0.3,True,False,True,0.3
normal,phase_flip,0.05,none,18,0.118164,0.3,True,False,True,0.3
normal,phase_flip,0.05,none,19,0.126953,0.3,True,False,True,0.3
normal,phase_flip,0.05,none,20,0.0,0.26,False,False,True,0.3
normal,phase_flip,0.1,none,1,0.212891,0.3,True,False,True,0.3
normal,phase_flip,0.1,none,2,0.22168,0.3,True,False,True,0.3
normal,phase_flip,0.1,none,3,0.208008,0.3,True,False,True,0.3
normal,phase_flip,0.1,none,4,0.208008,0.3,True,False,True,0.3
normal,phase_flip,0.1,none,5,0.0,0.26,False,False,True,0.3
normal,phase_flip,0.1,none,6,0.208984,0.3,True,False,True,0.3
normal,phase_flip,0.1,none,7,0.216797,0.3,True,False,True,0.3
normal,phase_flip,0.1,none,8,0.0,0.26,False,False,True,0.3
normal,phase_flip,0.1,none,9,0.209961,0.3,True,False,True,0.3
normal,phase_flip,0.1,none,10,0.220703,0.3,True,False,True,0.3
normal,phase_flip,0.1,none,11,0.213867,0.3,True,False,True,0.3
normal,phase_flip,0.1,none,12,0.0,0.26,False,False,True,0.3
normal,phase_flip,0.1,none,13,0.212891,0.3,True,False,True,0.3
normal,phase_flip,0.1,none,14,0.230469,0.3,True,False,True,0.3
normal,phase_flip,0.1,none,15,0.0,0.26,False,False,True,0.3
normal,phase_flip,0.1,none,16,0.0,0.26,False,False,True,0.3
normal,phase_flip,0.1,none,17,0.219727,0.3,True,False,True,0.3
normal,phase_flip,0.1,none,18,0.217773,0.3,True,False,True,0.3
normal,phase_flip,0.1,none,19,0.194336,0.3,True,False,True,0.3
normal,phase_flip,0.1,none,20,0.203125,0.3,True,False,True,0.3
normal,phase_flip,0.15,none,1,0.274414,0.3,True,False,True,0.3
normal,phase_flip,0.15,none,2,0.279297,0.3,True,False,True,0.3
normal,phase_flip,0.15,none,3,0.0,0.26,False,False,True,0.3
normal,phase_flip,0.15,none,4,0.318359,0.3,True,True,False,0.3
normal,phase_flip,0.15,none,5,0.297852,0.3,True,False,True,0.3
normal,phase_flip,0.15,none,6,0.0,0.26,False,False,True,0.3
normal,phase_flip,0.15,none,7,0.282227,0.3,True,False,True,0.3
normal,phase_flip,0.15,none,8,0.262695,0.3,True,False,True,0.3
normal,phase_flip,0.15,none,9,0.280273,0.3,True,False,True,0.3
normal,phase_flip,0.15,none,10,0.270508,0.3,True,False,True,0.3
normal,phase_flip,0.15,none,11,0.0,0.26,False,False,True,0.3
normal,phase_flip,0.15,none,12,0.287109,0.3,True,False,True,0.3
normal,phase_flip,0.15,none,13,0.287109,0.3,True,False,True,0.3
normal,phase_flip,0.15,none,14,0.294922,0.3,True,False,True,0.3
normal,phase_flip,0.15,none,15,0.316406,0.3,True,True,False,0.3
normal,phase_flip,0.15,none,16,0.0,0.26,False,False,True,0.3
normal,phase_flip,0.15,none,17,0.298828,0.3,True,False,True,0.3
normal,phase_flip,0.15,none,18,0.0,0.26,False,False,True,0.3
normal,phase_flip,0.15,none,19,0.282227,0.3,True,False,True,0.3
normal,phase_flip,0.15,none,20,0.0,0.26,False,False,True,0.3
normal,phase_flip,0.2,none,1,0.353516,0.3,True,True,False,0.3
normal,phase_flip,0.2,none,2,0.364258,0.3,True,True,False,0.3
normal,phase_flip,0.2,none,3,0.37207,0.3,True,True,False,0.3
normal,phase_flip,0.2,none,4,0.352539,0.3,True,True,False,0.3
normal,phase_flip,0.2,none,5,0.362305,0.3,True,True,False,0.3
normal,phase_flip,0.2,none,6,0.351562,0.3,True,True,False,0.3
normal,phase_flip,0.2,none,7,0.352539,0.3,True,True,False,0.3
normal,phase_flip,0.2,none,8,0.375977,0.3,True,True,False,0.3
normal,phase_flip,0.2,none,9,0.0,0.26,False,False,True,0.3
normal,phase_flip,0.2,none,10,0.355469,0.3,True,True,False,0.3
normal,phase_flip,0.2,none,11,0.370117,0.3,True,True,False,0.3
normal,phase_flip,0.2,none,12,0.333008,0.3,True,True,False,0.3
normal,phase_flip,0.2,none,13,0.0,0.26,False,False,True,0.3
normal,phase_flip,0.2,none,14,0.354492,0.3,True,True,False,0.3
normal,phase_flip,0.2,none,15,0.0,0.26,False,False,True,0.3
normal,phase_flip,0.2,none,16,0.0,0.26,False,False,True,0.3
normal,phase_flip,0.2,none,17,0.365234,0.3,True,True,False,0.3
normal,phase_flip,0.2,none,18,0.345703,0.3,True,True,False,0.3
normal,phase_flip,0.2,none,19,0.0,0.26,False,False,True,0.3
normal,phase_flip,0.2,none,20,0.354492,0.3,True,True,False,0.3
normal,bit_phase_flip,0.0,none,1,0.0,0.26,False,False,True,0.3
normal,bit_phase_flip,0.0,none,2,0.0,0.26,False,False,True,0.3
normal,bit_phase_flip,0.0,none,3,0.0,0.26,False,False,True,0.3
normal,bit_phase_flip,0.0,none,4,0.0,0.26,False,False,True,0.3
normal,bit_phase_flip,0.0,none,5,0.0,0.26,False,False,True,0.3
normal,bit_phase_flip,0.0,none,6,0.0,0.26,False,False,True,0.3
normal,bit_phase_flip,0.0,none,7,0.0,0.26,False,False,True,0.3
normal,bit_phase_flip,0.0,none,8,0.0,0.26,False,False,True,0.3
normal,bit_phase_flip,0.0,none,9,0.0,0.26,False,False,True,0.3
normal,bit_phase_flip,0.0,none,10,0.0,0.26,False,False,True,0.3
normal,bit_phase_flip,0.0,none,11,0.0,0.26,False,False,True,0.3
normal,bit_phase_flip,0.0,none,12,0.0,0.26,False,False,True,0.3
normal,bit_phase_flip,0.0,none,13,0.0,0.26,False,False,True,0.3
normal,bit_phase_flip,0.0,none,14,0.0,0.26,False,False,True,0.3
normal,bit_phase_flip,0.0,none,15,0.0,0.26,False,False,True,0.3
normal,bit_phase_flip,0.0,none,16,0.0,0.26,False,False,True,0.3
normal,bit_phase_flip,0.0,none,17,0.0,0.26,False,False,True,0.3
normal,bit_phase_flip,0.0,none,18,0.0,0.26,False,False,True,0.3
normal,bit_phase_flip,0.0,none,19,0.0,0.26,False,False,True,0.3
normal,bit_phase_flip,0.0,none,20,0.0,0.26,False,False,True,0.3
normal,bit_phase_flip,0.05,none,1,0.193359,0.3,True,False,True,0.3
normal,bit_phase_flip,0.05,none,2,0.219727,0.3,True,False,True,0.3
normal,bit_phase_flip,0.05,none,3,0.1875,0.3,True,False,True,0.3
normal,bit_phase_flip,0.05,none,4,0.224609,0.3,True,False,True,0.3
normal,bit_phase_flip,0.05,none,5,0.191406,0.3,True,False,True,0.3
normal,bit_phase_flip,0.05,none,6,0.21875,0.3,True,False,True,0.3
normal,bit_phase_flip,0.05,none,7,0.03125,0.2725,False,False,True,0.3
normal,bit_phase_flip,0.05,none,8,0.200195,0.3,True,False,True,0.3
normal,bit_phase_flip,0.05,none,9,0.204102,0.3,True,False,True,0.3
normal,bit_phase_flip,0.05,none,10,0.189453,0.3,True,False,True,0.3
normal,bit_phase_flip,0.05,none,11,0.165039,0.3,True,False,True,0.3
normal,bit_phase_flip,0.05,none,12,0.023438,0.26937520000000004,False,False,True,0.3
normal,bit_phase_flip,0.05,none,13,0.023438,0.26937520000000004,False,False,True,0.3
normal,bit_phase_flip,0.05,none,14,0.226562,0.3,True,False,True,0.3
normal,bit_phase_flip,0.05,none,15,0.199219,0.3,True,False,True,0.3
normal,bit_phase_flip,0.05,none,16,0.023438,0.26937520000000004,False,False,True,0.3
normal,bit_phase_flip,0.05,none,17,0.226562,0.3,True,False,True,0.3
normal,bit_phase_flip,0.05,none,18,0.208008,0.3,True,False,True,0.3
normal,bit_phase_flip,0.05,none,19,0.18457,0.3,True,False,True,0.3
normal,bit_phase_flip,0.05,none,20,0.197266,0.3,True,False,True,0.3
normal,bit_phase_flip,0.1,none,1,0.350586,0.3,True,True,False,0.3
normal,bit_phase_flip,0.1,none,2,0.147461,0.3,True,False,True,0.3
normal,bit_phase_flip,0.1,none,3,0.052734,0.2810936,False,False,True,0.3
normal,bit_phase_flip,0.1,none,4,0.341797,0.3,True,True,False,0.3
normal,bit_phase_flip,0.1,none,5,0.335938,0.3,True,True,False,0.3
normal,bit_phase_flip,0.1,none,6,0.306641,0.3,True,True,False,0.3
normal,bit_phase_flip,0.1,none,7,0.333008,0.3,True,True,False,0.3
normal,bit_phase_flip,0.1,none,8,0.15332,0.3,True,False,True,0.3
normal,bit_phase_flip,0.1,none,9,0.129883,0.3,True,False,True,0.3
normal,bit_phase_flip,0.1,none,10,0.143555,0.3,True,False,True,0.3
normal,bit_phase_flip,0.1,none,11,0.329102,0.3,True,True,False,0.3
normal,bit_phase_flip,0.1,none,12,0.324219,0.3,True,True,False,0.3
normal,bit_phase_flip,0.1,none,13,0.142578,0.3,True,False,True,0.3
normal,bit_phase_flip,0.1,none,14,0.133789,0.3,True,False,True,0.3
normal,bit_phase_flip,0.1,none,15,0.294922,0.3,True,False,True,0.3
normal,bit_phase_flip,0.1,none,16,0.294922,0.3,True,False,True,0.3
normal,bit_phase_flip,0.1,none,17,0.322266,0.3,True,True,False,0.3
normal,bit_phase_flip,0.1,none,18,0.296875,0.3,True,False,True,0.3
normal,bit_phase_flip,0.1,none,19,0.356445,0.3,True,True,False,0.3
normal,bit_phase_flip,0.1,none,20,0.311523,0.3,True,True,False,0.3
normal,bit_phase_flip,0.15,none,1,0.397461,0.3,True,True,False,0.3
normal,bit_phase_flip,0.15,none,2,0.071289,0.2885156,False,False,True,0.3
normal,bit_phase_flip,0.15,none,3,0.385742,0.3,True,True,False,0.3
normal,bit_phase_flip,0.15,none,4,0.055664,0.2822656,False,False,True,0.3
normal,bit_phase_flip,0.15,none,5,0.44043,0.3,True,True,False,0.3
normal,bit_phase_flip,0.15,none,6,0.196289,0.3,True,False,True,0.3
normal,bit_phase_flip,0.15,none,7,0.394531,0.3,True,True,False,0.3
normal,bit_phase_flip,0.15,none,8,0.083008,0.2932032,False,False,True,0.3
normal,bit_phase_flip,0.15,none,9,0.433594,0.3,True,True,False,0.3
normal,bit_phase_flip,0.15,none,10,0.410156,0.3,True,True,False,0.3
normal,bit_phase_flip,0.15,none,11,0.426758,0.3,True,True,False,0.3
normal,bit_phase_flip,0.15,none,12,0.05957,0.283828,False,False,True,0.3
normal,bit_phase_flip,0.15,none,13,0.417969,0.3,True,True,False,0.3
normal,bit_phase_flip,0.15,none,14,0.374023,0.3,True,True,False,0.3
normal,bit_phase_flip,0.15,none,15,0.460938,0.3,True,True,False,0.3
normal,bit_phase_flip,0.15,none,16,0.076172,0.2904688,False,False,True,0.3
normal,bit_phase_flip,0.15,none,17,0.397461,0.3,True,True,False,0.3
normal,bit_phase_flip,0.15,none,18,0.374023,0.3,True,True,False,0.3
normal,bit_phase_flip,0.15,none,19,0.216797,0.3,True,False,True,0.3
normal,bit_phase_flip,0.15,none,20,0.208008,0.3,True,False,True,0.3
normal,bit_phase_flip,0.2,none,1,0.27832,0.3,True,False,True,0.3
normal,bit_phase_flip,0.2,none,2,0.478516,0.3,True,True,False,0.3
normal,bit_phase_flip,0.2,none,3,0.267578,0.3,True,False,True,0.3
normal,bit_phase_flip,0.2,none,4,0.103516,0.3,True,False,True,0.3
normal,bit_phase_flip,0.2,none,5,0.107422,0.3,True,False,True,0.3
normal,bit_phase_flip,0.2,none,6,0.458984,0.3,True,True,False,0.3
normal,bit_phase_flip,0.2,none,7,0.425781,0.3,True,True,False,0.3
normal,bit_phase_flip,0.2,none,8,0.431641,0.3,True,True,False,0.3
normal,bit_phase_flip,0.2,none,9,0.456055,0.3,True,True,False,0.3
normal,bit_phase_flip,0.2,none,10,0.261719,0.3,True,False,True,0.3
normal,bit_phase_flip,0.2,none,11,0.426758,0.3,True,True,False,0.3
normal,bit_phase_flip,0.2,none,12,0.466797,0.3,True,True,False,0.3
normal,bit_phase_flip,0.2,none,13,0.457031,0.3,True,True,False,0.3
normal,bit_phase_flip,0.2,none,14,0.460938,0.3,True,True,False,0.3
normal,bit_phase_flip,0.2,none,15,0.452148,0.3,True,True,False,0.3
normal,bit_phase_flip,0.2,none,16,0.44043,0.3,True,True,False,0.3
normal,bit_phase_flip,0.2,none,17,0.446289,0.3,True,True,False,0.3
normal,bit_phase_flip,0.2,none,18,0.260742,0.3,True,False,True,0.3
normal,bit_phase_flip,0.2,none,19,0.458984,0.3,True,True,False,0.3
normal,bit_phase_flip,0.2,none,20,0.452148,0.3,True,True,False,0.3
normal,depolarizing,0.0,none,1,0.0,0.26,False,False,True,0.3
normal,depolarizing,0.0,none,2,0.0,0.26,False,False,True,0.3
normal,depolarizing,0.0,none,3,0.0,0.26,False,False,True,0.3
normal,depolarizing,0.0,none,4,0.0,0.26,False,False,True,0.3
normal,depolarizing,0.0,none,5,0.0,0.26,False,False,True,0.3
normal,depolarizing,0.0,none,6,0.0,0.26,False,False,True,0.3
normal,depolarizing,0.0,none,7,0.0,0.26,False,False,True,0.3
normal,depolarizing,0.0,none,8,0.0,0.26,False,False,True,0.3
normal,depolarizing,0.0,none,9,0.0,0.26,False,False,True,0.3
normal,depolarizing,0.0,none,10,0.0,0.26,False,False,True,0.3
normal,depolarizing,0.0,none,11,0.0,0.26,False,False,True,0.3
normal,depolarizing,0.0,none,12,0.0,0.26,False,False,True,0.3
normal,depolarizing,0.0,none,13,0.0,0.26,False,False,True,0.3
normal,depolarizing,0.0,none,14,0.0,0.26,False,False,True,0.3
normal,depolarizing,0.0,none,15,0.0,0.26,False,False,True,0.3
normal,depolarizing,0.0,none,16,0.0,0.26,False,False,True,0.3
normal,depolarizing,0.0,none,17,0.0,0.26,False,False,True,0.3
normal,depolarizing,0.0,none,18,0.0,0.26,False,False,True,0.3
normal,depolarizing,0.0,none,19,0.0,0.26,False,False,True,0.3
normal,depolarizing,0.0,none,20,0.0,0.26,False,False,True,0.3
normal,depolarizing,0.05,none,1,0.092773,0.2971092,False,False,True,0.3
normal,depolarizing,0.05,none,2,0.120117,0.3,True,False,True,0.3
normal,depolarizing,0.05,none,3,0.119141,0.3,True,False,True,0.3
normal,depolarizing,0.05,none,4,0.115234,0.3,True,False,True,0.3
normal,depolarizing,0.05,none,5,0.124023,0.3,True,False,True,0.3
normal,depolarizing,0.05,none,6,0.033203,0.2732812,False,False,True,0.3
normal,depolarizing,0.05,none,7,0.117188,0.3,True,False,True,0.3
normal,depolarizing,0.05,none,8,0.124023,0.3,True,False,True,0.3
normal,depolarizing,0.05,none,9,0.137695,0.3,True,False,True,0.3
normal,depolarizing,0.05,none,10,0.124023,0.3,True,False,True,0.3
normal,depolarizing,0.05,none,11,0.130859,0.3,True,False,True,0.3
normal,depolarizing,0.05,none,12,0.036133,0.2744532,False,False,True,0.3
normal,depolarizing,0.05,none,13,0.008789,0.2635156,False,False,True,0.3
normal,depolarizing,0.05,none,14,0.116211,0.3,True,False,True,0.3
normal,depolarizing,0.05,none,15,0.114258,0.3,True,False,True,0.3
normal,depolarizing,0.05,none,16,0.113281,0.3,True,False,True,0.3
normal,depolarizing,0.05,none,17,0.139648,0.3,True,False,True,0.3
normal,depolarizing,0.05,none,18,0.125977,0.3,True,False,True,0.3
normal,depolarizing,0.05,none,19,0.094727,0.2978908,False,False,True,0.3
normal,depolarizing,0.05,none,20,0.119141,0.3,True,False,True,0.3
normal,depolarizing,0.1,none,1,0.197266,0.3,True,False,True,0.3
normal,depolarizing,0.1,none,2,0.219727,0.3,True,False,True,0.3
normal,depolarizing,0.1,none,3,0.225586,0.3,True,False,True,0.3
normal,depolarizing,0.1,none,4,0.189453,0.3,True,False,True,0.3
normal,depolarizing,0.1,none,5,0.06543,0.286172,False,False,True,0.3
normal,depolarizing,0.1,none,6,0.083008,0.2932032,False,False,True,0.3
normal,depolarizing,0.1,none,7,0.208008,0.3,True,False,True,0.3
normal,depolarizing,0.1,none,8,0.256836,0.3,True,False,True,0.3
normal,depolarizing,0.1,none,9,0.223633,0.3,True,False,True,0.3
normal,depolarizing,0.1,none,10,0.22168,0.3,True,False,True,0.3
normal,depolarizing,0.1,none,11,0.204102,0.3,True,False,True,0.3
normal,depolarizing,0.1,none,12,0.211914,0.3,True,False,True,0.3
normal,depolarizing,0.1,none,13,0.21875,0.3,True,False,True,0.3
normal,depolarizing,0.1,none,14,0.236328,0.3,True,False,True,0.3
normal,depolarizing,0.1,none,15,0.075195,0.290078,False,False,True,0.3
normal,depolarizing,0.1,none,16,0.188477,0.3,True,False,True,0.3
normal,depolarizing,0.1,none,17,0.026367,0.27054680000000003,False,False,True,0.3
normal,depolarizing,0.1,none,18,0.219727,0.3,True,False,True,0.3
normal,depolarizing,0.1,none,19,0.02832,0.271328,False,False,True,0.3
normal,depolarizing,0.1,none,20,0.224609,0.3,True,False,True,0.3
normal,depolarizing,0.15,none,1,0.258789,0.3,True,False,True,0.3
normal,depolarizing,0.15,none,2,0.306641,0.3,True,True,False,0.3
normal,depolarizing,0.15,none,3,0.352539,0.3,True,True,False,0.3
normal,depolarizing,0.15,none,4,0.039062,0.2756248,False,False,True,0.3
normal,depolarizing,0.15,none,5,0.299805,0.3,True,False,True,0.3
normal,depolarizing,0.15,none,6,0.305664,0.3,True,True,False,0.3
normal,depolarizing,0.15,none,7,0.334961,0.3,True,True,False,0.3
normal,depolarizing,0.15,none,8,0.03125,0.2725,False,False,True,0.3
normal,depolarizing,0.15,none,9,0.289062,0.3,True,False,True,0.3
normal,depolarizing,0.15,none,10,0.317383,0.3,True,True,False,0.3
normal,depolarizing,0.15,none,11,0.287109,0.3,True,False,True,0.3
normal,depolarizing,0.15,none,12,0.288086,0.3,True,False,True,0.3
normal,depolarizing,0.15,none,13,0.243164,0.3,True,False,True,0.3
normal,depolarizing,0.15,none,14,0.250977,0.3,True,False,True,0.3
normal,depolarizing,0.15,none,15,0.302734,0.3,True,True,False,0.3
normal,depolarizing,0.15,none,16,0.287109,0.3,True,False,True,0.3
normal,depolarizing,0.15,none,17,0.040039,0.2760156,False,False,True,0.3
normal,depolarizing,0.15,none,18,0.311523,0.3,True,True,False,0.3
normal,depolarizing,0.15,none,19,0.261719,0.3,True,False,True,0.3
normal,depolarizing,0.15,none,20,0.329102,0.3,True,True,False,0.3
normal,depolarizing,0.2,none,1,0.364258,0.3,True,True,False,0.3
normal,depolarizing,0.2,none,2,0.4375,0.3,True,True,False,0.3
normal,depolarizing,0.2,none,3,0.341797,0.3,True,True,False,0.3
normal,depolarizing,0.2,none,4,0.355469,0.3,True,True,False,0.3
normal,depolarizing,0.2,none,5,0.148438,0.3,True,False,True,0.3
normal,depolarizing,0.2,none,6,0.368164,0.3,True,True,False,0.3
normal,depolarizing,0.2,none,7,0.136719,0.3,True,False,True,0.3
normal,depolarizing,0.2,none,8,0.071289,0.2885156,False,False,True,0.3
normal,depolarizing,0.2,none,9,0.351562,0.3,True,True,False,0.3
normal,depolarizing,0.2,none,10,0.355469,0.3,True,True,False,0.3
normal,depolarizing,0.2,none,11,0.144531,0.3,True,False,True,0.3
normal,depolarizing,0.2,none,12,0.305664,0.3,True,True,False,0.3
normal,depolarizing,0.2,none,13,0.130859,0.3,True,False,True,0.3
normal,depolarizing,0.2,none,14,0.131836,0.3,True,False,True,0.3
normal,depolarizing,0.2,none,15,0.37793,0.3,True,True,False,0.3
normal,depolarizing,0.2,none,16,0.360352,0.3,True,True,False,0.3
normal,depolarizing,0.2,none,17,0.142578,0.3,True,False,True,0.3
normal,depolarizing,0.2,none,18,0.311523,0.3,True,True,False,0.3
normal,depolarizing,0.2,none,19,0.046875,0.27875,False,False,True,0.3
normal,depolarizing,0.2,none,20,0.34375,0.3,True,True,False,0.3
normal,readout,0.0,none,1,0.0,0.26,False,False,True,0.3
normal,readout,0.0,none,2,0.0,0.26,False,False,True,0.3
normal,readout,0.0,none,3,0.0,0.26,False,False,True,0.3
normal,readout,0.0,none,4,0.0,0.26,False,False,True,0.3
normal,readout,0.0,none,5,0.0,0.26,False,False,True,0.3
normal,readout,0.0,none,6,0.0,0.26,False,False,True,0.3
normal,readout,0.0,none,7,0.0,0.26,False,False,True,0.3
normal,readout,0.0,none,8,0.0,0.26,False,False,True,0.3
normal,readout,0.0,none,9,0.0,0.26,False,False,True,0.3
normal,readout,0.0,none,10,0.0,0.26,False,False,True,0.3
normal,readout,0.0,none,11,0.0,0.26,False,False,True,0.3
normal,readout,0.0,none,12,0.0,0.26,False,False,True,0.3
normal,readout,0.0,none,13,0.0,0.26,False,False,True,0.3
normal,readout,0.0,none,14,0.0,0.26,False,False,True,0.3
normal,readout,0.0,none,15,0.0,0.26,False,False,True,0.3
normal,readout,0.0,none,16,0.0,0.26,False,False,True,0.3
normal,readout,0.0,none,17,0.0,0.26,False,False,True,0.3
normal,readout,0.0,none,18,0.0,0.26,False,False,True,0.3
normal,readout,0.0,none,19,0.0,0.26,False,False,True,0.3
normal,readout,0.0,none,20,0.0,0.26,False,False,True,0.3
normal,readout,0.05,none,1,0.095703,0.2982812,False,False,True,0.3
normal,readout,0.05,none,2,0.085938,0.2943752,False,False,True,0.3
normal,readout,0.05,none,3,0.130859,0.3,True,False,True,0.3
normal,readout,0.05,none,4,0.107422,0.3,True,False,True,0.3
normal,readout,0.05,none,5,0.145508,0.3,True,False,True,0.3
normal,readout,0.05,none,6,0.088867,0.2955468,False,False,True,0.3
normal,readout,0.05,none,7,0.141602,0.3,True,False,True,0.3
normal,readout,0.05,none,8,0.133789,0.3,True,False,True,0.3
normal,readout,0.05,none,9,0.126953,0.3,True,False,True,0.3
normal,readout,0.05,none,10,0.09668,0.298672,False,False,True,0.3
normal,readout,0.05,none,11,0.128906,0.3,True,False,True,0.3
normal,readout,0.05,none,12,0.091797,0.2967188,False,False,True,0.3
normal,readout,0.05,none,13,0.099609,0.2998436,False,False,True,0.3
normal,readout,0.05,none,14,0.088867,0.2955468,False,False,True,0.3
normal,readout,0.05,none,15,0.085938,0.2943752,False,False,True,0.3
normal,readout,0.05,none,16,0.102539,0.3,True,False,True,0.3
normal,readout,0.05,none,17,0.076172,0.2904688,False,False,True,0.3
normal,readout,0.05,none,18,0.092773,0.2971092,False,False,True,0.3
normal,readout,0.05,none,19,0.144531,0.3,True,False,True,0.3
normal,readout,0.05,none,20,0.101562,0.3,True,False,True,0.3
normal,readout,0.1,none,1,0.177734,0.3,True,False,True,0.3
normal,readout,0.1,none,2,0.241211,0.3,True,False,True,0.3
normal,readout,0.1,none,3,0.197266,0.3,True,False,True,0.3
normal,readout,0.1,none,4,0.191406,0.3,True,False,True,0.3
normal,readout,0.1,none,5,0.206055,0.3,True,False,True,0.3
normal,readout,0.1,none,6,0.167969,0.3,True,False,True,0.3
normal,readout,0.1,none,7,0.193359,0.3,True,False,True,0.3
normal,readout,0.1,none,8,0.219727,0.3,True,False,True,0.3
normal,readout,0.1,none,9,0.189453,0.3,True,False,True,0.3
normal,readout,0.1,none,10,0.160156,0.3,True,False,True,0.3
normal,readout,0.1,none,11,0.244141,0.3,True,False,True,0.3
normal,readout,0.1,none,12,0.169922,0.3,True,False,True,0.3
normal,readout,0.1,none,13,0.265625,0.3,True,False,True,0.3
normal,readout,0.1,none,14,0.167969,0.3,True,False,True,0.3
normal,readout,0.1,none,15,0.172852,0.3,True,False,True,0.3
normal,readout,0.1,none,16,0.244141,0.3,True,False,True,0.3
normal,readout,0.1,none,17,0.178711,0.3,True,False,True,0.3
normal,readout,0.1,none,18,0.217773,0.3,True,False,True,0.3
normal,readout,0.1,none,19,0.260742,0.3,True,False,True,0.3
normal,readout,0.1,none,20,0.176758,0.3,True,False,True,0.3
normal,readout,0.15,none,1,0.230469,0.3,True,False,True,0.3
normal,readout,0.15,none,2,0.347656,0.3,True,True,False,0.3
normal,readout,0.15,none,3,0.266602,0.3,True,False,True,0.3
normal,readout,0.15,none,4,0.321289,0.3,True,True,False,0.3
normal,readout,0.15,none,5,0.266602,0.3,True,False,True,0.3
normal,readout,0.15,none,6,0.336914,0.3,True,True,False,0.3
normal,readout,0.15,none,7,0.319336,0.3,True,True,False,0.3
normal,readout,0.15,none,8,0.256836,0.3,True,False,True,0.3
normal,readout,0.15,none,9,0.299805,0.3,True,False,True,0.3
normal,readout,0.15,none,10,0.34668,0.3,True,True,False,0.3
normal,readout,0.15,none,11,0.353516,0.3,True,True,False,0.3
normal,readout,0.15,none,12,0.318359,0.3,True,True,False,0.3
normal,readout,0.15,none,13,0.249023,0.3,True,False,True,0.3
normal,readout,0.15,none,14,0.289062,0.3,True,False,True,0.3
normal,readout,0.15,none,15,0.237305,0.3,True,False,True,0.3
normal,readout,0.15,none,16,0.333008,0.3,True,True,False,0.3
normal,readout,0.15,none,17,0.350586,0.3,True,True,False,0.3
normal,readout,0.15,none,18,0.238281,0.3,True,False,True,0.3
normal,readout,0.15,none,19,0.249023,0.3,True,False,True,0.3
normal,readout,0.15,none,20,0.266602,0.3,True,False,True,0.3
normal,readout,0.2,none,1,0.418945,0.3,True,True,False,0.3
normal,readout,0.2,none,2,0.307617,0.3,True,True,False,0.3
normal,readout,0.2,none,3,0.31543,0.3,True,True,False,0.3
normal,readout,0.2,none,4,0.366211,0.3,True,True,False,0.3
normal,readout,0.2,none,5,0.308594,0.3,True,True,False,0.3
normal,readout,0.2,none,6,0.364258,0.3,True,True,False,0.3
normal,readout,0.2,none,7,0.333984,0.3,True,True,False,0.3
normal,readout,0.2,none,8,0.336914,0.3,True,True,False,0.3
normal,readout,0.2,none,9,0.305664,0.3,True,True,False,0.3
normal,readout,0.2,none,10,0.320312,0.3,True,True,False,0.3
normal,readout,0.2,none,11,0.303711,0.3,True,True,False,0.3
normal,readout,0.2,none,12,0.317383,0.3,True,True,False,0.3
normal,readout,0.2,none,13,0.310547,0.3,True,True,False,0.3
normal,readout,0.2,none,14,0.350586,0.3,True,True,False,0.3
normal,readout,0.2,none,15,0.31543,0.3,True,True,False,0.3
normal,readout,0.2,none,16,0.371094,0.3,True,True,False,0.3
normal,readout,0.2,none,17,0.328125,0.3,True,True,False,0.3
normal,readout,0.2,none,18,0.339844,0.3,True,True,False,0.3
normal,readout,0.2,none,19,0.325195,0.3,True,True,False,0.3
normal,readout,0.2,none,20,0.304688,0.3,True,True,False,0.3
attack,bit_flip,0.1,pauli_x,1,0.857422,0.3,True,True,True,0.3
attack,bit_flip,0.1,pauli_x,2,0.207031,0.3,True,False,False,0.3
attack,bit_flip,0.1,pauli_x,3,0.182617,0.3,True,False,False,0.3
attack,bit_flip,0.1,pauli_x,4,0.179688,0.3,True,False,False,0.3
attack,bit_flip,0.1,pauli_x,5,0.837891,0.3,True,True,True,0.3
attack,bit_flip,0.1,pauli_x,6,0.806641,0.3,True,True,True,0.3
attack,bit_flip,0.1,pauli_x,7,0.666016,0.3,True,True,True,0.3
attack,bit_flip,0.1,pauli_x,8,0.797852,0.3,True,True,True,0.3
attack,bit_flip,0.1,pauli_x,9,0.173828,0.3,True,False,False,0.3
attack,bit_flip,0.1,pauli_x,10,0.239258,0.3,True,False,False,0.3
attack,bit_flip,0.1,pauli_x,11,0.172852,0.3,True,False,False,0.3
attack,bit_flip,0.1,pauli_x,12,0.734375,0.3,True,True,True,0.3
attack,bit_flip,0.1,pauli_x,13,0.176758,0.3,True,False,False,0.3
attack,bit_flip,0.1,pauli_x,14,0.871094,0.3,True,True,True,0.3
attack,bit_flip,0.1,pauli_x,15,0.854492,0.3,True,True,True,0.3
attack,bit_flip,0.1,pauli_x,16,0.710938,0.3,True,True,True,0.3
attack,bit_flip,0.1,pauli_x,17,0.678711,0.3,True,True,True,0.3
attack,bit_flip,0.1,pauli_x,18,0.851562,0.3,True,True,True,0.3
attack,bit_flip,0.1,pauli_x,19,0.246094,0.3,True,False,False,0.3
attack,bit_flip,0.1,pauli_x,20,0.790039,0.3,True,True,True,0.3
attack,bit_flip,0.1,pauli_y,1,0.849609,0.3,True,True,True,0.3
attack,bit_flip,0.1,pauli_y,2,0.267578,0.3,True,False,False,0.3
attack,bit_flip,0.1,pauli_y,3,0.867188,0.3,True,True,True,0.3
attack,bit_flip,0.1,pauli_y,4,0.769531,0.3,True,True,True,0.3
attack,bit_flip,0.1,pauli_y,5,0.854492,0.3,True,True,True,0.3
attack,bit_flip,0.1,pauli_y,6,0.868164,0.3,True,True,True,0.3
attack,bit_flip,0.1,pauli_y,7,0.289062,0.3,True,False,False,0.3
attack,bit_flip,0.1,pauli_y,8,0.864258,0.3,True,True,True,0.3
attack,bit_flip,0.1,pauli_y,9,0.948242,0.3,True,True,True,0.3
attack,bit_flip,0.1,pauli_y,10,0.824219,0.3,True,True,True,0.3
attack,bit_flip,0.1,pauli_y,11,0.825195,0.3,True,True,True,0.3
attack,bit_flip,0.1,pauli_y,12,0.751953,0.3,True,True,True,0.3
attack,bit_flip,0.1,pauli_y,13,0.87207,0.3,True,True,True,0.3
attack,bit_flip,0.1,pauli_y,14,0.276367,0.3,True,False,False,0.3
attack,bit_flip,0.1,pauli_y,15,0.804688,0.3,True,True,True,0.3
attack,bit_flip,0.1,pauli_y,16,0.818359,0.3,True,True,True,0.3
attack,bit_flip,0.1,pauli_y,17,0.208984,0.3,True,False,False,0.3
attack,bit_flip,0.1,pauli_y,18,0.955078,0.3,True,True,True,0.3
attack,bit_flip,0.1,pauli_y,19,0.197266,0.3,True,False,False,0.3
attack,bit_flip,0.1,pauli_y,20,0.240234,0.3,True,False,False,0.3
attack,bit_flip,0.1,pauli_z,1,0.80957,0.3,True,True,True,0.3
attack,bit_flip,0.1,pauli_z,2,0.054688,0.2818752,False,False,False,0.3
attack,bit_flip,0.1,pauli_z,3,0.045898,0.27835920000000003,False,False,False,0.3
attack,bit_flip,0.1,pauli_z,4,0.765625,0.3,True,True,True,0.3
attack,bit_flip,0.1,pauli_z,5,0.148438,0.3,True,False,False,0.3
attack,bit_flip,0.1,pauli_z,6,0.793945,0.3,True,True,True,0.3
attack,bit_flip,0.1,pauli_z,7,0.765625,0.3,True,True,True,0.3
attack,bit_flip,0.1,pauli_z,8,0.755859,0.3,True,True,True,0.3
attack,bit_flip,0.1,pauli_z,9,0.773438,0.3,True,True,True,0.3
attack,bit_flip,0.1,pauli_z,10,0.842773,0.3,True,True,True,0.3
attack,bit_flip,0.1,pauli_z,11,0.046875,0.27875,False,False,False,0.3
attack,bit_flip,0.1,pauli_z,12,0.146484,0.3,True,False,False,0.3
attack,bit_flip,0.1,pauli_z,13,0.782227,0.3,True,True,True,0.3
attack,bit_flip,0.1,pauli_z,14,0.125,0.3,True,False,False,0.3
attack,bit_flip,0.1,pauli_z,15,0.820312,0.3,True,True,True,0.3
attack,bit_flip,0.1,pauli_z,16,0.824219,0.3,True,True,True,0.3
attack,bit_flip,0.1,pauli_z,17,0.054688,0.2818752,False,False,False,0.3
attack,bit_flip,0.1,pauli_z,18,0.782227,0.3,True,True,True,0.3
attack,bit_flip,0.1,pauli_z,19,0.741211,0.3,True,True,True,0.3
attack,bit_flip,0.1,pauli_z,20,0.788086,0.3,True,True,True,0.3
attack,bit_flip,0.1,entanglement_disruption,1,0.53418,0.3,True,True,True,0.3
attack,bit_flip,0.1,entanglement_disruption,2,0.349609,0.3,True,True,True,0.3
attack,bit_flip,0.1,entanglement_disruption,3,0.508789,0.3,True,True,True,0.3
attack,bit_flip,0.1,entanglement_disruption,4,0.329102,0.3,True,True,True,0.3
attack,bit_flip,0.1,entanglement_disruption,5,0.365234,0.3,True,True,True,0.3
attack,bit_flip,0.1,entanglement_disruption,6,0.37793,0.3,True,True,True,0.3
attack,bit_flip,0.1,entanglement_disruption,7,0.328125,0.3,True,True,True,0.3
attack,bit_flip,0.1,entanglement_disruption,8,0.342773,0.3,True,True,True,0.3
attack,bit_flip,0.1,entanglement_disruption,9,0.494141,0.3,True,True,True,0.3
attack,bit_flip,0.1,entanglement_disruption,10,0.477539,0.3,True,True,True,0.3
attack,bit_flip,0.1,entanglement_disruption,11,0.50293,0.3,True,True,True,0.3
attack,bit_flip,0.1,entanglement_disruption,12,0.517578,0.3,True,True,True,0.3
attack,bit_flip,0.1,entanglement_disruption,13,0.517578,0.3,True,True,True,0.3
attack,bit_flip,0.1,entanglement_disruption,14,0.512695,0.3,True,True,True,0.3
attack,bit_flip,0.1,entanglement_disruption,15,0.501953,0.3,True,True,True,0.3
attack,bit_flip,0.1,entanglement_disruption,16,0.542969,0.3,True,True,True,0.3
attack,bit_flip,0.1,entanglement_disruption,17,0.486328,0.3,True,True,True,0.3
attack,bit_flip,0.1,entanglement_disruption,18,0.503906,0.3,True,True,True,0.3
attack,bit_flip,0.1,entanglement_disruption,19,0.478516,0.3,True,True,True,0.3
attack,bit_flip,0.1,entanglement_disruption,20,0.496094,0.3,True,True,True,0.3
attack,phase_flip,0.1,pauli_x,1,0.735352,0.3,True,True,True,0.3
attack,phase_flip,0.1,pauli_x,2,0.713867,0.3,True,True,True,0.3
attack,phase_flip,0.1,pauli_x,3,0.722656,0.3,True,True,True,0.3
attack,phase_flip,0.1,pauli_x,4,1.0,0.3,True,True,True,0.3
attack,phase_flip,0.1,pauli_x,5,0.726562,0.3,True,True,True,0.3
attack,phase_flip,0.1,pauli_x,6,0.734375,0.3,True,True,True,0.3
attack,phase_flip,0.1,pauli_x,7,1.0,0.3,True,True,True,0.3
attack,phase_flip,0.1,pauli_x,8,0.743164,0.3,True,True,True,0.3
attack,phase_flip,0.1,pauli_x,9,0.751953,0.3,True,True,True,0.3
attack,phase_flip,0.1,pauli_x,10,1.0,0.3,True,True,True,0.3
attack,phase_flip,0.1,pauli_x,11,1.0,0.3,True,True,True,0.3
attack,phase_flip,0.1,pauli_x,12,0.730469,0.3,True,True,True,0.3
attack,phase_flip,0.1,pauli_x,13,0.25,0.3,True,False,False,0.3
attack,phase_flip,0.1,pauli_x,14,0.72168,0.3,True,True,True,0.3
attack,phase_flip,0.1,pauli_x,15,1.0,0.3,True,True,True,0.3
attack,phase_flip,0.1,pauli_x,16,0.743164,0.3,True,True,True,0.3
attack,phase_flip,0.1,pauli_x,17,0.275391,0.3,True,False,False,0.3
attack,phase_flip,0.1,pauli_x,18,0.733398,0.3,True,True,True,0.3
attack,phase_flip,0.1,pauli_x,19,0.270508,0.3,True,False,False,0.3
attack,phase_flip,0.1,pauli_x,20,0.731445,0.3,True,True,True,0.3
attack,phase_flip,0.1,pauli_y,1,0.796875,0.3,True,True,True,0.3
attack,phase_flip,0.1,pauli_y,2,0.191406,0.3,True,False,False,0.3
attack,phase_flip,0.1,pauli_y,3,0.206055,0.3,True,False,False,0.3
attack,phase_flip,0.1,pauli_y,4,1.0,0.3,True,True,True,0.3
attack,phase_flip,0.1,pauli_y,5,0.795898,0.3,True,True,True,0.3
attack,phase_flip,0.1,pauli_y,6,0.208008,0.3,True,False,False,0.3
attack,phase_flip,0.1,pauli_y,7,0.206055,0.3,True,False,False,0.3
attack,phase_flip,0.1,pauli_y,8,1.0,0.3,True,True,True,0.3
attack,phase_flip,0.1,pauli_y,9,1.0,0.3,True,True,True,0.3
attack,phase_flip,0.1,pauli_y,10,1.0,0.3,True,True,True,0.3
attack,phase_flip,0.1,pauli_y,11,0.777344,0.3,True,True,True,0.3
attack,phase_flip,0.1,pauli_y,12,0.191406,0.3,True,False,False,0.3
attack,phase_flip,0.1,pauli_y,13,0.206055,0.3,True,False,False,0.3
attack,phase_flip,0.1,pauli_y,14,1.0,0.3,True,True,True,0.3
attack,phase_flip,0.1,pauli_y,15,0.779297,0.3,True,True,True,0.3
attack,phase_flip,0.1,pauli_y,16,0.791016,0.3,True,True,True,0.3
attack,phase_flip,0.1,pauli_y,17,0.774414,0.3,True,True,True,0.3
attack,phase_flip,0.1,pauli_y,18,0.799805,0.3,True,True,True,0.3
attack,phase_flip,0.1,pauli_y,19,0.767578,0.3,True,True,True,0.3
attack,phase_flip,0.1,pauli_y,20,0.825195,0.3,True,True,True,0.3
attack,phase_flip,0.1,pauli_z,1,0.767578,0.3,True,True,True,0.3
attack,phase_flip,0.1,pauli_z,2,0.760742,0.3,True,True,True,0.3
attack,phase_flip,0.1,pauli_z,3,0.788086,0.3,True,True,True,0.3
attack,phase_flip,0.1,pauli_z,4,0.786133,0.3,True,True,True,0.3
attack,phase_flip,0.1,pauli_z,5,0.808594,0.3,True,True,True,0.3
attack,phase_flip,0.1,pauli_z,6,0.787109,0.3,True,True,True,0.3
attack,phase_flip,0.1,pauli_z,7,0.0,0.26,False,False,False,0.3
attack,phase_flip,0.1,pauli_z,8,0.0,0.26,False,False,False,0.3
attack,phase_flip,0.1,pauli_z,9,0.768555,0.3,True,True,True,0.3
attack,phase_flip,0.1,pauli_z,10,0.78418,0.3,True,True,True,0.3
attack,phase_flip,0.1,pauli_z,11,0.782227,0.3,True,True,True,0.3
attack,phase_flip,0.1,pauli_z,12,0.805664,0.3,True,True,True,0.3
attack,phase_flip,0.1,pauli_z,13,0.786133,0.3,True,True,True,0.3
attack,phase_flip,0.1,pauli_z,14,0.0,0.26,False,False,False,0.3
attack,phase_flip,0.1,pauli_z,15,0.813477,0.3,True,True,True,0.3
attack,phase_flip,0.1,pauli_z,16,0.777344,0.3,True,True,True,0.3
attack,phase_flip,0.1,pauli_z,17,0.777344,0.3,True,True,True,0.3
attack,phase_flip,0.1,pauli_z,18,0.0,0.26,False,False,False,0.3
attack,phase_flip,0.1,pauli_z,19,0.772461,0.3,True,True,True,0.3
attack,phase_flip,0.1,pauli_z,20,0.78125,0.3,True,True,True,0.3
attack,phase_flip,0.1,entanglement_disruption,1,0.500977,0.3,True,True,True,0.3
attack,phase_flip,0.1,entanglement_disruption,2,0.494141,0.3,True,True,True,0.3
attack,phase_flip,0.1,entanglement_disruption,3,0.308594,0.3,True,True,True,0.3
attack,phase_flip,0.1,entanglement_disruption,4,0.505859,0.3,True,True,True,0.3
attack,phase_flip,0.1,entanglement_disruption,5,0.501953,0.3,True,True,True,0.3
attack,phase_flip,0.1,entanglement_disruption,6,0.504883,0.3,True,True,True,0.3
attack,phase_flip,0.1,entanglement_disruption,7,0.491211,0.3,True,True,True,0.3
attack,phase_flip,0.1,entanglement_disruption,8,0.526367,0.3,True,True,True,0.3
attack,phase_flip,0.1,entanglement_disruption,9,0.5,0.3,True,True,True,0.3
attack,phase_flip,0.1,entanglement_disruption,10,0.333008,0.3,True,True,True,0.3
attack,phase_flip,0.1,entanglement_disruption,11,0.514648,0.3,True,True,True,0.3
attack,phase_flip,0.1,entanglement_disruption,12,0.496094,0.3,True,True,True,0.3
attack,phase_flip,0.1,entanglement_disruption,13,0.505859,0.3,True,True,True,0.3
attack,phase_flip,0.1,entanglement_disruption,14,0.487305,0.3,True,True,True,0.3
attack,phase_flip,0.1,entanglement_disruption,15,0.485352,0.3,True,True,True,0.3
attack,phase_flip,0.1,entanglement_disruption,16,0.505859,0.3,True,True,True,0.3
attack,phase_flip,0.1,entanglement_disruption,17,0.522461,0.3,True,True,True,0.3
attack,phase_flip,0.1,entanglement_disruption,18,0.325195,0.3,True,True,True,0.3
attack,phase_flip,0.1,entanglement_disruption,19,0.302734,0.3,True,True,True,0.3
attack,phase_flip,0.1,entanglement_disruption,20,0.325195,0.3,True,True,True,0.3
attack,bit_phase_flip,0.1,pauli_x,1,0.722656,0.3,True,True,True,0.3
attack,bit_phase_flip,0.1,pauli_x,2,0.714844,0.3,True,True,True,0.3
attack,bit_phase_flip,0.1,pauli_x,3,0.702148,0.3,True,True,True,0.3
attack,bit_phase_flip,0.1,pauli_x,4,0.362305,0.3,True,True,True,0.3
attack,bit_phase_flip,0.1,pauli_x,5,0.785156,0.3,True,True,True,0.3
attack,bit_phase_flip,0.1,pauli_x,6,0.850586,0.3,True,True,True,0.3
attack,bit_phase_flip,0.1,pauli_x,7,0.713867,0.3,True,True,True,0.3
attack,bit_phase_flip,0.1,pauli_x,8,0.708984,0.3,True,True,True,0.3
attack,bit_phase_flip,0.1,pauli_x,9,0.722656,0.3,True,True,True,0.3
attack,bit_phase_flip,0.1,pauli_x,10,0.847656,0.3,True,True,True,0.3
attack,bit_phase_flip,0.1,pauli_x,11,0.342773,0.3,True,True,True,0.3
attack,bit_phase_flip,0.1,pauli_x,12,0.348633,0.3,True,True,True,0.3
attack,bit_phase_flip,0.1,pauli_x,13,0.785156,0.3,True,True,True,0.3
attack,bit_phase_flip,0.1,pauli_x,14,0.787109,0.3,True,True,True,0.3
attack,bit_phase_flip,0.1,pauli_x,15,0.704102,0.3,True,True,True,0.3
attack,bit_phase_flip,0.1,pauli_x,16,0.792969,0.3,True,True,True,0.3
attack,bit_phase_flip,0.1,pauli_x,17,0.802734,0.3,True,True,True,0.3
attack,bit_phase_flip,0.1,pauli_x,18,0.380859,0.3,True,True,True,0.3
attack,bit_phase_flip,0.1,pauli_x,19,0.632812,0.3,True,True,True,0.3
attack,bit_phase_flip,0.1,pauli_x,20,0.78125,0.3,True,True,True,0.3
attack,bit_phase_flip,0.1,pauli_y,1,0.692383,0.3,True,True,True,0.3
attack,bit_phase_flip,0.1,pauli_y,2,0.356445,0.3,True,True,True,0.3
attack,bit_phase_flip,0.1,pauli_y,3,0.960938,0.3,True,True,True,0.3
attack,bit_phase_flip,0.1,pauli_y,4,0.6875,0.3,True,True,True,0.3
attack,bit_phase_flip,0.1,pauli_y,5,0.330078,0.3,True,True,True,0.3
attack,bit_phase_flip,0.1,pauli_y,6,0.956055,0.3,True,True,True,0.3
attack,bit_phase_flip,0.1,pauli_y,7,0.876953,0.3,True,True,True,0.3
attack,bit_phase_flip,0.1,pauli_y,8,0.299805,0.3,True,False,False,0.3
attack,bit_phase_flip,0.1,pauli_y,9,0.304688,0.3,True,True,True,0.3
attack,bit_phase_flip,0.1,pauli_y,10,0.850586,0.3,True,True,True,0.3
attack,bit_phase_flip,0.1,pauli_y,11,0.958008,0.3,True,True,True,0.3
attack,bit_phase_flip,0.1,pauli_y,12,0.942383,0.3,True,True,True,0.3
attack,bit_phase_flip,0.1,pauli_y,13,0.680664,0.3,True,True,True,0.3
attack,bit_phase_flip,0.1,pauli_y,14,0.951172,0.3,True,True,True,0.3
attack,bit_phase_flip,0.1,pauli_y,15,0.634766,0.3,True,True,True,0.3
attack,bit_phase_flip,0.1,pauli_y,16,0.625977,0.3,True,True,True,0.3
attack,bit_phase_flip,0.1,pauli_y,17,0.84668,0.3,True,True,True,0.3
attack,bit_phase_flip,0.1,pauli_y,18,0.943359,0.3,True,True,True,0.3
attack,bit_phase_flip,0.1,pauli_y,19,0.304688,0.3,True,True,True,0.3
attack,bit_phase_flip,0.1,pauli_y,20,0.294922,0.3,True,False,False,0.3
attack,bit_phase_flip,0.1,pauli_z,1,0.666992,0.3,True,True,True,0.3
attack,bit_phase_flip,0.1,pauli_z,2,0.704102,0.3,True,True,True,0.3
attack,bit_phase_flip,0.1,pauli_z,3,0.038086,0.2752344,False,False,False,0.3
attack,bit_phase_flip,0.1,pauli_z,4,0.727539,0.3,True,True,True,0.3
attack,bit_phase_flip,0.1,pauli_z,5,0.699219,0.3,True,True,True,0.3
attack,bit_phase_flip,0.1,pauli_z,6,0.709961,0.3,True,True,True,0.3
attack,bit_phase_flip,0.1,pauli_z,7,0.636719,0.3,True,True,True,0.3
attack,bit_phase_flip,0.1,pauli_z,8,0.65332,0.3,True,True,True,0.3
attack,bit_phase_flip,0.1,pauli_z,9,0.649414,0.3,True,True,True,0.3
attack,bit_phase_flip,0.1,pauli_z,10,0.054688,0.2818752,False,False,False,0.3
attack,bit_phase_flip,0.1,pauli_z,11,0.056641,0.28265640000000003,False,False,False,0.3
attack,bit_phase_flip,0.1,pauli_z,12,0.670898,0.3,True,True,True,0.3
attack,bit_phase_flip,0.1,pauli_z,13,0.128906,0.3,True,False,False,0.3
attack,bit_phase_flip,0.1,pauli_z,14,0.049805,0.279922,False,False,False,0.3
attack,bit_phase_flip,0.1,pauli_z,15,0.664062,0.3,True,True,True,0.3
attack,bit_phase_flip,0.1,pauli_z,16,0.046875,0.27875,False,False,False,0.3
attack,bit_phase_flip,0.1,pauli_z,17,0.135742,0.3,True,False,False,0.3
attack,bit_phase_flip,0.1,pauli_z,18,0.706055,0.3,True,True,True,0.3
attack,bit_phase_flip,0.1,pauli_z,19,0.6875,0.3,True,True,True,0.3
attack,bit_phase_flip,0.1,pauli_z,20,0.733398,0.3,True,True,True,0.3
attack,bit_phase_flip,0.1,entanglement_disruption,1,0.503906,0.3,True,True,True,0.3
attack,bit_phase_flip,0.1,entanglement_disruption,2,0.488281,0.3,True,True,True,0.3
attack,bit_phase_flip,0.1,entanglement_disruption,3,0.491211,0.3,True,True,True,0.3
attack,bit_phase_flip,0.1,entanglement_disruption,4,0.492188,0.3,True,True,True,0.3
attack,bit_phase_flip,0.1,entanglement_disruption,5,0.31543,0.3,True,True,True,0.3
attack,bit_phase_flip,0.1,entanglement_disruption,6,0.355469,0.3,True,True,True,0.3
attack,bit_phase_flip,0.1,entanglement_disruption,7,0.488281,0.3,True,True,True,0.3
attack,bit_phase_flip,0.1,entanglement_disruption,8,0.333008,0.3,True,True,True,0.3
attack,bit_phase_flip,0.1,entanglement_disruption,9,0.505859,0.3,True,True,True,0.3
attack,bit_phase_flip,0.1,entanglement_disruption,10,0.491211,0.3,True,True,True,0.3
attack,bit_phase_flip,0.1,entanglement_disruption,11,0.320312,0.3,True,True,True,0.3
attack,bit_phase_flip,0.1,entanglement_disruption,12,0.53125,0.3,True,True,True,0.3
attack,bit_phase_flip,0.1,entanglement_disruption,13,0.514648,0.3,True,True,True,0.3
attack,bit_phase_flip,0.1,entanglement_disruption,14,0.490234,0.3,True,True,True,0.3
attack,bit_phase_flip,0.1,entanglement_disruption,15,0.305664,0.3,True,True,True,0.3
attack,bit_phase_flip,0.1,entanglement_disruption,16,0.482422,0.3,True,True,True,0.3
attack,bit_phase_flip,0.1,entanglement_disruption,17,0.500977,0.3,True,True,True,0.3
attack,bit_phase_flip,0.1,entanglement_disruption,18,0.474609,0.3,True,True,True,0.3
attack,bit_phase_flip,0.1,entanglement_disruption,19,0.524414,0.3,True,True,True,0.3
attack,bit_phase_flip,0.1,entanglement_disruption,20,0.513672,0.3,True,True,True,0.3
attack,depolarizing,0.1,pauli_x,1,0.873047,0.3,True,True,True,0.3
attack,depolarizing,0.1,pauli_x,2,0.243164,0.3,True,False,False,0.3
attack,depolarizing,0.1,pauli_x,3,0.732422,0.3,True,True,True,0.3
attack,depolarizing,0.1,pauli_x,4,0.717773,0.3,True,True,True,0.3
attack,depolarizing,0.1,pauli_x,5,0.212891,0.3,True,False,False,0.3
attack,depolarizing,0.1,pauli_x,6,0.932617,0.3,True,True,True,0.3
attack,depolarizing,0.1,pauli_x,7,0.222656,0.3,True,False,False,0.3
attack,depolarizing,0.1,pauli_x,8,0.753906,0.3,True,True,True,0.3
attack,depolarizing,0.1,pauli_x,9,0.222656,0.3,True,False,False,0.3
attack,depolarizing,0.1,pauli_x,10,0.881836,0.3,True,True,True,0.3
attack,depolarizing,0.1,pauli_x,11,0.929688,0.3,True,True,True,0.3
attack,depolarizing,0.1,pauli_x,12,0.25,0.3,True,False,False,0.3
attack,depolarizing,0.1,pauli_x,13,0.242188,0.3,True,False,False,0.3
attack,depolarizing,0.1,pauli_x,14,0.875,0.3,True,True,True,0.3
attack,depolarizing,0.1,pauli_x,15,0.736328,0.3,True,True,True,0.3
attack,depolarizing,0.1,pauli_x,16,0.266602,0.3,True,False,False,0.3
attack,depolarizing,0.1,pauli_x,17,0.230469,0.3,True,False,False,0.3
attack,depolarizing,0.1,pauli_x,18,0.246094,0.3,True,False,False,0.3
attack,depolarizing,0.1,pauli_x,19,0.201172,0.3,True,False,False,0.3
attack,depolarizing,0.1,pauli_x,20,0.211914,0.3,True,False,False,0.3
attack,depolarizing,0.1,pauli_y,1,0.229492,0.3,True,False,False,0.3
attack,depolarizing,0.1,pauli_y,2,0.922852,0.3,True,True,True,0.3
attack,depolarizing,0.1,pauli_y,3,0.975586,0.3,True,True,True,0.3
attack,depolarizing,0.1,pauli_y,4,0.825195,0.3,True,True,True,0.3
attack,depolarizing,0.1,pauli_y,5,0.826172,0.3,True,True,True,0.3
attack,depolarizing,0.1,pauli_y,6,0.236328,0.3,True,False,False,0.3
attack,depolarizing,0.1,pauli_y,7,0.211914,0.3,True,False,False,0.3
attack,depolarizing,0.1,pauli_y,8,0.97168,0.3,True,True,True,0.3
attack,depolarizing,0.1,pauli_y,9,0.932617,0.3,True,True,True,0.3
attack,depolarizing,0.1,pauli_y,10,0.227539,0.3,True,False,False,0.3
attack,depolarizing,0.1,pauli_y,11,0.977539,0.3,True,True,True,0.3
attack,depolarizing,0.1,pauli_y,12,0.220703,0.3,True,False,False,0.3
attack,depolarizing,0.1,pauli_y,13,0.237305,0.3,True,False,False,0.3
attack,depolarizing,0.1,pauli_y,14,0.927734,0.3,True,True,True,0.3
attack,depolarizing,0.1,pauli_y,15,0.772461,0.3,True,True,True,0.3
attack,depolarizing,0.1,pauli_y,16,0.936523,0.3,True,True,True,0.3
attack,depolarizing,0.1,pauli_y,17,0.927734,0.3,True,True,True,0.3
attack,depolarizing,0.1,pauli_y,18,0.268555,0.3,True,False,False,0.3
attack,depolarizing,0.1,pauli_y,19,0.800781,0.3,True,True,True,0.3
attack,depolarizing,0.1,pauli_y,20,0.808594,0.3,True,True,True,0.3
attack,depolarizing,0.1,pauli_z,1,0.022461,0.2689844,False,False,False,0.3
attack,depolarizing,0.1,pauli_z,2,0.797852,0.3,True,True,True,0.3
attack,depolarizing,0.1,pauli_z,3,0.024414,0.2697656,False,False,False,0.3
attack,depolarizing,0.1,pauli_z,4,0.766602,0.3,True,True,True,0.3
attack,depolarizing,0.1,pauli_z,5,0.792969,0.3,True,True,True,0.3
attack,depolarizing,0.1,pauli_z,6,0.790039,0.3,True,True,True,0.3
attack,depolarizing,0.1,pauli_z,7,0.777344,0.3,True,True,True,0.3
attack,depolarizing,0.1,pauli_z,8,0.78418,0.3,True,True,True,0.3
attack,depolarizing,0.1,pauli_z,9,0.022461,0.2689844,False,False,False,0.3
attack,depolarizing,0.1,pauli_z,10,0.806641,0.3,True,True,True,0.3
attack,depolarizing,0.1,pauli_z,11,0.808594,0.3,True,True,True,0.3
attack,depolarizing,0.1,pauli_z,12,0.78125,0.3,True,True,True,0.3
attack,depolarizing,0.1,pauli_z,13,0.767578,0.3,True,True,True,0.3
attack,depolarizing,0.1,pauli_z,14,0.742188,0.3,True,True,True,0.3
attack,depolarizing,0.1,pauli_z,15,0.803711,0.3,True,True,True,0.3
attack,depolarizing,0.1,pauli_z,16,0.788086,0.3,True,True,True,0.3
attack,depolarizing,0.1,pauli_z,17,0.75293,0.3,True,True,True,0.3
attack,depolarizing,0.1,pauli_z,18,0.777344,0.3,True,True,True,0.3
attack,depolarizing,0.1,pauli_z,19,0.085938,0.2943752,False,False,False,0.3
attack,depolarizing,0.1,pauli_z,20,0.063477,0.2853908,False,False,False,0.3
attack,depolarizing,0.1,entanglement_disruption,1,0.506836,0.3,True,True,True,0.3
attack,depolarizing,0.1,entanglement_disruption,2,0.296875,0.3,True,False,False,0.3
attack,depolarizing,0.1,entanglement_disruption,3,0.500977,0.3,True,True,True,0.3
attack,depolarizing,0.1,entanglement_disruption,4,0.533203,0.3,True,True,True,0.3
attack,depolarizing,0.1,entanglement_disruption,5,0.273438,0.3,True,False,False,0.3
attack,depolarizing,0.1,entanglement_disruption,6,0.515625,0.3,True,True,True,0.3
attack,depolarizing,0.1,entanglement_disruption,7,0.486328,0.3,True,True,True,0.3
attack,depolarizing,0.1,entanglement_disruption,8,0.489258,0.3,True,True,True,0.3
attack,depolarizing,0.1,entanglement_disruption,9,0.521484,0.3,True,True,True,0.3
attack,depolarizing,0.1,entanglement_disruption,10,0.486328,0.3,True,True,True,0.3
attack,depolarizing,0.1,entanglement_disruption,11,0.526367,0.3,True,True,True,0.3
attack,depolarizing,0.1,entanglement_disruption,12,0.286133,0.3,True,False,False,0.3
attack,depolarizing,0.1,entanglement_disruption,13,0.486328,0.3,True,True,True,0.3
attack,depolarizing,0.1,entanglement_disruption,14,0.298828,0.3,True,False,False,0.3
attack,depolarizing,0.1,entanglement_disruption,15,0.304688,0.3,True,True,True,0.3
attack,depolarizing,0.1,entanglement_disruption,16,0.486328,0.3,True,True,True,0.3
attack,depolarizing,0.1,entanglement_disruption,17,0.5,0.3,True,True,True,0.3
attack,depolarizing,0.1,entanglement_disruption,18,0.50293,0.3,True,True,True,0.3
attack,depolarizing,0.1,entanglement_disruption,19,0.495117,0.3,True,True,True,0.3
attack,depolarizing,0.1,entanglement_disruption,20,0.503906,0.3,True,True,True,0.3
attack,readout,0.1,pauli_x,1,0.754883,0.3,True,True,True,0.3
attack,readout,0.1,pauli_x,2,0.151367,0.3,True,False,False,0.3
attack,readout,0.1,pauli_x,3,0.802734,0.3,True,True,True,0.3
attack,readout,0.1,pauli_x,4,0.755859,0.3,True,True,True,0.3
attack,readout,0.1,pauli_x,5,0.806641,0.3,True,True,True,0.3
attack,readout,0.1,pauli_x,6,0.822266,0.3,True,True,True,0.3
attack,readout,0.1,pauli_x,7,0.767578,0.3,True,True,True,0.3
attack,readout,0.1,pauli_x,8,0.808594,0.3,True,True,True,0.3
attack,readout,0.1,pauli_x,9,0.852539,0.3,True,True,True,0.3
attack,readout,0.1,pauli_x,10,0.767578,0.3,True,True,True,0.3
attack,readout,0.1,pauli_x,11,0.742188,0.3,True,True,True,0.3
attack,readout,0.1,pauli_x,12,0.181641,0.3,True,False,False,0.3
attack,readout,0.1,pauli_x,13,0.771484,0.3,True,True,True,0.3
attack,readout,0.1,pauli_x,14,0.757812,0.3,True,True,True,0.3
attack,readout,0.1,pauli_x,15,0.833008,0.3,True,True,True,0.3
attack,readout,0.1,pauli_x,16,0.842773,0.3,True,True,True,0.3
attack,readout,0.1,pauli_x,17,0.830078,0.3,True,True,True,0.3
attack,readout,0.1,pauli_x,18,0.182617,0.3,True,False,False,0.3
attack,readout,0.1,pauli_x,19,0.825195,0.3,True,True,True,0.3
attack,readout,0.1,pauli_x,20,0.776367,0.3,True,True,True,0.3
attack,readout,0.1,pauli_y,1,0.234375,0.3,True,False,False,0.3
attack,readout,0.1,pauli_y,2,0.22168,0.3,True,False,False,0.3
attack,readout,0.1,pauli_y,3,0.256836,0.3,True,False,False,0.3
attack,readout,0.1,pauli_y,4,0.823242,0.3,True,True,True,0.3
attack,readout,0.1,pauli_y,5,0.232422,0.3,True,False,False,0.3
attack,readout,0.1,pauli_y,6,0.84375,0.3,True,True,True,0.3
attack,readout,0.1,pauli_y,7,0.225586,0.3,True,False,False,0.3
attack,readout,0.1,pauli_y,8,0.223633,0.3,True,False,False,0.3
attack,readout,0.1,pauli_y,9,0.827148,0.3,True,True,True,0.3
attack,readout,0.1,pauli_y,10,0.824219,0.3,True,True,True,0.3
attack,readout,0.1,pauli_y,11,0.244141,0.3,True,False,False,0.3
attack,readout,0.1,pauli_y,12,0.807617,0.3,True,True,True,0.3
attack,readout,0.1,pauli_y,13,0.832031,0.3,True,True,True,0.3
attack,readout,0.1,pauli_y,14,0.8125,0.3,True,True,True,0.3
attack,readout,0.1,pauli_y,15,0.238281,0.3,True,False,False,0.3
attack,readout,0.1,pauli_y,16,0.258789,0.3,True,False,False,0.3
attack,readout,0.1,pauli_y,17,0.817383,0.3,True,True,True,0.3
attack,readout,0.1,pauli_y,18,0.259766,0.3,True,False,False,0.3
attack,readout,0.1,pauli_y,19,0.819336,0.3,True,True,True,0.3
attack,readout,0.1,pauli_y,20,0.824219,0.3,True,True,True,0.3
attack,readout,0.1,pauli_z,1,0.181641,0.3,True,False,False,0.3
attack,readout,0.1,pauli_z,2,0.192383,0.3,True,False,False,0.3
attack,readout,0.1,pauli_z,3,0.819336,0.3,True,True,True,0.3
attack,readout,0.1,pauli_z,4,0.180664,0.3,True,False,False,0.3
attack,readout,0.1,pauli_z,5,0.179688,0.3,True,False,False,0.3
attack,readout,0.1,pauli_z,6,0.825195,0.3,True,True,True,0.3
attack,readout,0.1,pauli_z,7,0.167969,0.3,True,False,False,0.3
attack,readout,0.1,pauli_z,8,0.802734,0.3,True,True,True,0.3
attack,readout,0.1,pauli_z,9,0.174805,0.3,True,False,False,0.3
attack,readout,0.1,pauli_z,10,0.195312,0.3,True,False,False,0.3
attack,readout,0.1,pauli_z,11,0.204102,0.3,True,False,False,0.3
attack,readout,0.1,pauli_z,12,0.832031,0.3,True,True,True,0.3
attack,readout,0.1,pauli_z,13,0.209961,0.3,True,False,False,0.3
attack,readout,0.1,pauli_z,14,0.739258,0.3,True,True,True,0.3
attack,readout,0.1,pauli_z,15,0.178711,0.3,True,False,False,0.3
attack,readout,0.1,pauli_z,16,0.762695,0.3,True,True,True,0.3
attack,readout,0.1,pauli_z,17,0.160156,0.3,True,False,False,0.3
attack,readout,0.1,pauli_z,18,0.766602,0.3,True,True,True,0.3
attack,readout,0.1,pauli_z,19,0.746094,0.3,True,True,True,0.3
attack,readout,0.1,pauli_z,20,0.814453,0.3,True,True,True,0.3
attack,readout,0.1,entanglement_disruption,1,0.508789,0.3,True,True,True,0.3
attack,readout,0.1,entanglement_disruption,2,0.250977,0.3,True,False,False,0.3
attack,readout,0.1,entanglement_disruption,3,0.506836,0.3,True,True,True,0.3
attack,readout,0.1,entanglement_disruption,4,0.246094,0.3,True,False,False,0.3
attack,readout,0.1,entanglement_disruption,5,0.488281,0.3,True,True,True,0.3
attack,readout,0.1,entanglement_disruption,6,0.269531,0.3,True,False,False,0.3
attack,readout,0.1,entanglement_disruption,7,0.510742,0.3,True,True,True,0.3
attack,readout,0.1,entanglement_disruption,8,0.477539,0.3,True,True,True,0.3
attack,readout,0.1,entanglement_disruption,9,0.479492,0.3,True,True,True,0.3
attack,readout,0.1,entanglement_disruption,10,0.242188,0.3,True,False,False,0.3
attack,readout,0.1,entanglement_disruption,11,0.239258,0.3,True,False,False,0.3
attack,readout,0.1,entanglement_disruption,12,0.495117,0.3,True,True,True,0.3
attack,readout,0.1,entanglement_disruption,13,0.501953,0.3,True,True,True,0.3
attack,readout,0.1,entanglement_disruption,14,0.24707,0.3,True,False,False,0.3
attack,readout,0.1,entanglement_disruption,15,0.499023,0.3,True,True,True,0.3
attack,readout,0.1,entanglement_disruption,16,0.260742,0.3,True,False,False,0.3
attack,readout,0.1,entanglement_disruption,17,0.262695,0.3,True,False,False,0.3
attack,readout,0.1,entanglement_disruption,18,0.255859,0.3,True,False,False,0.3
attack,readout,0.1,entanglement_disruption,19,0.259766,0.3,True,False,False,0.3
attack,readout,0.1,entanglement_disruption,20,0.237305,0.3,True,False,False,0.3
normal,bit_flip,0.0,none,1,0.0,0.26,False,False,True,0.32
normal,bit_flip,0.0,none,2,0.0,0.26,False,False,True,0.32
normal,bit_flip,0.0,none,3,0.0,0.26,False,False,True,0.32
normal,bit_flip,0.0,none,4,0.0,0.26,False,False,True,0.32
normal,bit_flip,0.0,none,5,0.0,0.26,False,False,True,0.32
normal,bit_flip,0.0,none,6,0.0,0.26,False,False,True,0.32
normal,bit_flip,0.0,none,7,0.0,0.26,False,False,True,0.32
normal,bit_flip,0.0,none,8,0.0,0.26,False,False,True,0.32
normal,bit_flip,0.0,none,9,0.0,0.26,False,False,True,0.32
normal,bit_flip,0.0,none,10,0.0,0.26,False,False,True,0.32
normal,bit_flip,0.0,none,11,0.0,0.26,False,False,True,0.32
normal,bit_flip,0.0,none,12,0.0,0.26,False,False,True,0.32
normal,bit_flip,0.0,none,13,0.0,0.26,False,False,True,0.32
normal,bit_flip,0.0,none,14,0.0,0.26,False,False,True,0.32
normal,bit_flip,0.0,none,15,0.0,0.26,False,False,True,0.32
normal,bit_flip,0.0,none,16,0.0,0.26,False,False,True,0.32
normal,bit_flip,0.0,none,17,0.0,0.26,False,False,True,0.32
normal,bit_flip,0.0,none,18,0.0,0.26,False,False,True,0.32
normal,bit_flip,0.0,none,19,0.0,0.26,False,False,True,0.32
normal,bit_flip,0.0,none,20,0.0,0.26,False,False,True,0.32
normal,bit_flip,0.05,none,1,0.15332,0.32,True,False,True,0.32
normal,bit_flip,0.05,none,2,0.110352,0.3041408,False,False,True,0.32
normal,bit_flip,0.05,none,3,0.123047,0.3092188,False,False,True,0.32
normal,bit_flip,0.05,none,4,0.113281,0.30531240000000004,False,False,True,0.32
normal,bit_flip,0.05,none,5,0.117188,0.3068752,False,False,True,0.32
normal,bit_flip,0.05,none,6,0.026367,0.27054680000000003,False,False,True,0.32
normal,bit_flip,0.05,none,7,0.128906,0.3115624,False,False,True,0.32
normal,bit_flip,0.05,none,8,0.115234,0.3060936,False,False,True,0.32
normal,bit_flip,0.05,none,9,0.171875,0.32,True,False,True,0.32
normal,bit_flip,0.05,none,10,0.075195,0.290078,False,False,True,0.32
normal,bit_flip,0.05,none,11,0.099609,0.2998436,False,False,True,0.32
normal,bit_flip,0.05,none,12,0.154297,0.32,True,False,True,0.32
normal,bit_flip,0.05,none,13,0.12207,0.308828,False,False,True,0.32
normal,bit_flip,0.05,none,14,0.138672,0.3154688,False,False,True,0.32
normal,bit_flip,0.05,none,15,0.033203,0.2732812,False,False,True,0.32
normal,bit_flip,0.05,none,16,0.103516,0.3014064,False,False,True,0.32
normal,bit_flip,0.05,none,17,0.06543,0.286172,False,False,True,0.32
normal,bit_flip,0.05,none,18,0.072266,0.2889064,False,False,True,0.32
normal,bit_flip,0.05,none,19,0.155273,0.32,True,False,True,0.32
normal,bit_flip,0.05,none,20,0.106445,0.302578,False,False,True,0.32
normal,bit_flip,0.1,none,1,0.205078,0.32,True,False,True,0.32
normal,bit_flip,0.1,none,2,0.241211,0.32,True,False,True,0.32
normal,bit_flip,0.1,none,3,0.203125,0.32,True,False,True,0.32
normal,bit_flip,0.1,none,4,0.149414,0.3197656,False,False,True,0.32
normal,bit_flip,0.1,none,5,0.061523,0.2846092,False,False,True,0.32
normal,bit_flip,0.1,none,6,0.257812,0.32,True,False,True,0.32
normal,bit_flip,0.1,none,7,0.0625,0.28500000000000003,False,False,True,0.32
normal,bit_flip,0.1,none,8,0.040039,0.2760156,False,False,True,0.32
normal,bit_flip,0.1,none,9,0.140625,0.31625000000000003,False,False,True,0.32
normal,bit_flip,0.1,none,10,0.042969,0.27718760000000003,False,False,True,0.32
normal,bit_flip,0.1,none,11,0.291016,0.32,True,False,True,0.32
normal,bit_flip,0.1,none,12,0.052734,0.2810936,False,False,True,0.32
normal,bit_flip,0.1,none,13,0.267578,0.32,True,False,True,0.32
normal,bit_flip,0.1,none,14,0.227539,0.32,True,False,True,0.32
normal,bit_flip,0.1,none,15,0.15918,0.32,True,False,True,0.32
normal,bit_flip,0.1,none,16,0.053711,0.2814844,False,False,True,0.32
normal,bit_flip,0.1,none,17,0.067383,0.2869532,False,False,True,0.32
normal,bit_flip,0.1,none,18,0.162109,0.32,True,False,True,0.32
normal,bit_flip,0.1,none,19,0.131836,0.3127344,False,False,True,0.32
normal,bit_flip,0.1,none,20,0.264648,0.32,True,False,True,0.32
normal,bit_flip,0.15,none,1,0.243164,0.32,True,False,True,0.32
normal,bit_flip,0.15,none,2,0.258789,0.32,True,False,True,0.32
normal,bit_flip,0.15,none,3,0.225586,0.32,True,False,True,0.32
normal,bit_flip,0.15,none,4,0.070312,0.2881248,False,False,True,0.32
normal,bit_flip,0.15,none,5,0.305664,0.32,True,False,True,0.32
normal,bit_flip,0.15,none,6,0.188477,0.32,True,False,True,0.32
normal,bit_flip,0.15,none,7,0.295898,0.32,True,False,True,0.32
normal,bit_flip,0.15,none,8,0.082031,0.29281240000000003,False,False,True,0.32
normal,bit_flip,0.15,none,9,0.306641,0.32,True,False,True,0.32
normal,bit_flip,0.15,none,10,0.087891,0.2951564,False,False,True,0.32
normal,bit_flip,0.15,none,11,0.325195,0.32,True,True,False,0.32
normal,bit_flip,0.15,none,12,0.181641,0.32,True,False,True,0.32
normal,bit_flip,0.15,none,13,0.083008,0.2932032,False,False,True,0.32
normal,bit_flip,0.15,none,14,0.326172,0.32,True,True,False,0.32
normal,bit_flip,0.15,none,15,0.203125,0.32,True,False,True,0.32
normal,bit_flip,0.15,none,16,0.361328,0.32,True,True,False,0.32
normal,bit_flip,0.15,none,17,0.320312,0.32,True,True,False,0.32
normal,bit_flip,0.15,none,18,0.279297,0.32,True,False,True,0.32
normal,bit_flip,0.15,none,19,0.358398,0.32,True,True,False,0.32
normal,bit_flip,0.15,none,20,0.375,0.32,True,True,False,0.32
normal,bit_flip,0.2,none,1,0.249023,0.32,True,False,True,0.32
normal,bit_flip,0.2,none,2,0.336914,0.32,True,True,False,0.32
normal,bit_flip,0.2,none,3,0.401367,0.32,True,True,False,0.32
normal,bit_flip,0.2,none,4,0.369141,0.32,True,True,False,0.32
normal,bit_flip,0.2,none,5,0.423828,0.32,True,True,False,0.32
normal,bit_flip,0.2,none,6,0.389648,0.32,True,True,False,0.32
normal,bit_flip,0.2,none,7,0.089844,0.2959376,False,False,True,0.32
normal,bit_flip,0.2,none,8,0.350586,0.32,True,True,False,0.32
normal,bit_flip,0.2,none,9,0.311523,0.32,True,False,True,0.32
normal,bit_flip,0.2,none,10,0.322266,0.32,True,True,False,0.32
normal,bit_flip,0.2,none,11,0.107422,0.30296880000000004,False,False,True,0.32
normal,bit_flip,0.2,none,12,0.420898,0.32,True,True,False,0.32
normal,bit_flip,0.2,none,13,0.349609,0.32,True,True,False,0.32
normal,bit_flip,0.2,none,14,0.368164,0.32,True,True,False,0.32
normal,bit_flip,0.2,none,15,0.441406,0.32,True,True,False,0.32
normal,bit_flip,0.2,none,16,0.299805,0.32,True,False,True,0.32
normal,bit_flip,0.2,none,17,0.426758,0.32,True,True,False,0.32
normal,bit_flip,0.2,none,18,0.322266,0.32,True,True,False,0.32
normal,bit_flip,0.2,none,19,0.30957,0.32,True,False,True,0.32
normal,bit_flip,0.2,none,20,0.410156,0.32,True,True,False,0.32
normal,phase_flip,0.0,none,1,0.0,0.26,False,False,True,0.32
normal,phase_flip,0.0,none,2,0.0,0.26,False,False,True,0.32
normal,phase_flip,0.0,none,3,0.0,0.26,False,False,True,0.32
normal,phase_flip,0.0,none,4,0.0,0.26,False,False,True,0.32
normal,phase_flip,0.0,none,5,0.0,0.26,False,False,True,0.32
normal,phase_flip,0.0,none,6,0.0,0.26,False,False,True,0.32
normal,phase_flip,0.0,none,7,0.0,0.26,False,False,True,0.32
normal,phase_flip,0.0,none,8,0.0,0.26,False,False,True,0.32
normal,phase_flip,0.0,none,9,0.0,0.26,False,False,True,0.32
normal,phase_flip,0.0,none,10,0.0,0.26,False,False,True,0.32
normal,phase_flip,0.0,none,11,0.0,0.26,False,False,True,0.32
normal,phase_flip,0.0,none,12,0.0,0.26,False,False,True,0.32
normal,phase_flip,0.0,none,13,0.0,0.26,False,False,True,0.32
normal,phase_flip,0.0,none,14,0.0,0.26,False,False,True,0.32
normal,phase_flip,0.0,none,15,0.0,0.26,False,False,True,0.32
normal,phase_flip,0.0,none,16,0.0,0.26,False,False,True,0.32
normal,phase_flip,0.0,none,17,0.0,0.26,False,False,True,0.32
normal,phase_flip,0.0,none,18,0.0,0.26,False,False,True,0.32
normal,phase_flip,0.0,none,19,0.0,0.26,False,False,True,0.32
normal,phase_flip,0.0,none,20,0.0,0.26,False,False,True,0.32
normal,phase_flip,0.05,none,1,0.117188,0.3068752,False,False,True,0.32
normal,phase_flip,0.05,none,2,0.119141,0.3076564,False,False,True,0.32
normal,phase_flip,0.05,none,3,0.12207,0.308828,False,False,True,0.32
normal,phase_flip,0.05,none,4,0.121094,0.3084376,False,False,True,0.32
normal,phase_flip,0.05,none,5,0.128906,0.3115624,False,False,True,0.32
normal,phase_flip,0.05,none,6,0.135742,0.31429680000000004,False,False,True,0.32
normal,phase_flip,0.05,none,7,0.12207,0.308828,False,False,True,0.32
normal,phase_flip,0.05,none,8,0.0,0.26,False,False,True,0.32
normal,phase_flip,0.05,none,9,0.112305,0.304922,False,False,True,0.32
normal,phase_flip,0.05,none,10,0.0,0.26,False,False,True,0.32
normal,phase_flip,0.05,none,11,0.105469,0.3021876,False,False,True,0.32
normal,phase_flip,0.05,none,12,0.118164,0.3072656,False,False,True,0.32
normal,phase_flip,0.05,none,13,0.12793,0.311172,False,False,True,0.32
normal,phase_flip,0.05,none,14,0.0,0.26,False,False,True,0.32
normal,phase_flip,0.05,none,15,0.133789,0.3135156,False,False,True,0.32
normal,phase_flip,0.05,none,16,0.130859,0.3123436,False,False,True,0.32
normal,phase_flip,0.05,none,17,0.120117,0.3080468,False,False,True,0.32
normal,phase_flip,0.05,none,18,0.138672,0.3154688,False,False,True,0.32
normal,phase_flip,0.05,none,19,0.117188,0.3068752,False,False,True,0.32
normal,phase_flip,0.05,none,20,0.0,0.26,False,False,True,0.32
normal,phase_flip,0.1,none,1,0.0,0.26,False,False,True,0.32
normal,phase_flip,0.1,none,2,0.209961,0.32,True,False,True,0.32
normal,phase_flip,0.1,none,3,0.210938,0.32,True,False,True,0.32
normal,phase_flip,0.1,none,4,0.0,0.26,False,False,True,0.32
normal,phase_flip,0.1,none,5,0.208984,0.32,True,False,True,0.32
normal,phase_flip,0.1,none,6,0.0,0.26,False,False,True,0.32
normal,phase_flip,0.1,none,7,0.0,0.26,False,False,True,0.32
normal,phase_flip,0.1,none,8,0.18457,0.32,True,False,True,0.32
normal,phase_flip,0.1,none,9,0.0,0.26,False,False,True,0.32
normal,phase_flip,0.1,none,10,0.217773,0.32,True,False,True,0.32
normal,phase_flip,0.1,none,11,0.0,0.26,False,False,True,0.32
normal,phase_flip,0.1,none,12,0.0,0.26,False,False,True,0.32
normal,phase_flip,0.1,none,13,0.208984,0.32,True,False,True,0.32
normal,phase_flip,0.1,none,14,0.0,0.26,False,False,True,0.32
normal,phase_flip,0.1,none,15,0.0,0.26,False,False,True,0.32
normal,phase_flip,0.1,none,16,0.0,0.26,False,False,True,0.32
normal,phase_flip,0.1,none,17,0.0,0.26,False,False,True,0.32
normal,phase_flip,0.1,none,18,0.238281,0.32,True,False,True,0.32
normal,phase_flip,0.1,none,19,0.220703,0.32,True,False,True,0.32
normal,phase_flip,0.1,none,20,0.196289,0.32,True,False,True,0.32
normal,phase_flip,0.15,none,1,0.0,0.26,False,False,True,0.32
normal,phase_flip,0.15,none,2,0.0,0.26,False,False,True,0.32
normal,phase_flip,0.15,none,3,0.302734,0.32,True,False,True,0.32
normal,phase_flip,0.15,none,4,0.0,0.26,False,False,True,0.32
normal,phase_flip,0.15,none,5,0.277344,0.32,True,False,True,0.32
normal,phase_flip,0.15,none,6,0.0,0.26,False,False,True,0.32
normal,phase_flip,0.15,none,7,0.289062,0.32,True,False,True,0.32
normal,phase_flip,0.15,none,8,0.297852,0.32,True,False,True,0.32
normal,phase_flip,0.15,none,9,0.302734,0.32,True,False,True,0.32
normal,phase_flip,0.15,none,10,0.301758,0.32,True,False,True,0.32
normal,phase_flip,0.15,none,11,0.282227,0.32,True,False,True,0.32
normal,phase_flip,0.15,none,12,0.308594,0.32,True,False,True,0.32
normal,phase_flip,0.15,none,13,0.314453,0.32,True,False,True,0.32
normal,phase_flip,0.15,none,14,0.295898,0.32,True,False,True,0.32
normal,phase_flip,0.15,none,15,0.0,0.26,False,False,True,0.32
normal,phase_flip,0.15,none,16,0.0,0.26,False,False,True,0.32
normal,phase_flip,0.15,none,17,0.293945,0.32,True,False,True,0.32
normal,phase_flip,0.15,none,18,0.0,0.26,False,False,True,0.32
normal,phase_flip,0.15,none,19,0.0,0.26,False,False,True,0.32
normal,phase_flip,0.15,none,20,0.28418,0.32,True,False,True,0.32
normal,phase_flip,0.2,none,1,0.355469,0.32,True,True,False,0.32
normal,phase_flip,0.2,none,2,0.0,0.26,False,False,True,0.32
normal,phase_flip,0.2,none,3,0.34375,0.32,True,True,False,0.32
normal,phase_flip,0.2,none,4,0.344727,0.32,True,True,False,0.32
normal,phase_flip,0.2,none,5,0.373047,0.32,True,True,False,0.32
normal,phase_flip,0.2,none,6,0.0,0.26,False,False,True,0.32
normal,phase_flip,0.2,none,7,0.0,0.26,False,False,True,0.32
normal,phase_flip,0.2,none,8,0.0,0.26,False,False,True,0.32
normal,phase_flip,0.2,none,9,0.359375,0.32,True,True,False,0.32
normal,phase_flip,0.2,none,10,0.0,0.26,False,False,True,0.32
normal,phase_flip,0.2,none,11,0.370117,0.32,True,True,False,0.32
normal,phase_flip,0.2,none,12,0.355469,0.32,True,True,False,0.32
normal,phase_flip,0.2,none,13,0.0,0.26,False,False,True,0.32
normal,phase_flip,0.2,none,14,0.347656,0.32,True,True,False,0.32
normal,phase_flip,0.2,none,15,0.345703,0.32,True,True,False,0.32
normal,phase_flip,0.2,none,16,0.350586,0.32,True,True,False,0.32
normal,phase_flip,0.2,none,17,0.0,0.26,False,False,True,0.32
normal,phase_flip,0.2,none,18,0.0,0.26,False,False,True,0.32
normal,phase_flip,0.2,none,19,0.341797,0.32,True,True,False,0.32
normal,phase_flip,0.2,none,20,0.355469,0.32,True,True,False,0.32
normal,bit_phase_flip,0.0,none,1,0.0,0.26,False,False,True,0.32
normal,bit_phase_flip,0.0,none,2,0.0,0.26,False,False,True,0.32
normal,bit_phase_flip,0.0,none,3,0.0,0.26,False,False,True,0.32
normal,bit_phase_flip,0.0,none,4,0.0,0.26,False,False,True,0.32
normal,bit_phase_flip,0.0,none,5,0.0,0.26,False,False,True,0.32
normal,bit_phase_flip,0.0,none,6,0.0,0.26,False,False,True,0.32
normal,bit_phase_flip,0.0,none,7,0.0,0.26,False,False,True,0.32
normal,bit_phase_flip,0.0,none,8,0.0,0.26,False,False,True,0.32
normal,bit_phase_flip,0.0,none,9,0.0,0.26,False,False,True,0.32
normal,bit_phase_flip,0.0,none,10,0.0,0.26,False,False,True,0.32
normal,bit_phase_flip,0.0,none,11,0.0,0.26,False,False,True,0.32
normal,bit_phase_flip,0.0,none,12,0.0,0.26,False,False,True,0.32
normal,bit_phase_flip,0.0,none,13,0.0,0.26,False,False,True,0.32
normal,bit_phase_flip,0.0,none,14,0.0,0.26,False,False,True,0.32
normal,bit_phase_flip,0.0,none,15,0.0,0.26,False,False,True,0.32
normal,bit_phase_flip,0.0,none,16,0.0,0.26,False,False,True,0.32
normal,bit_phase_flip,0.0,none,17,0.0,0.26,False,False,True,0.32
normal,bit_phase_flip,0.0,none,18,0.0,0.26,False,False,True,0.32
normal,bit_phase_flip,0.0,none,19,0.0,0.26,False,False,True,0.32
normal,bit_phase_flip,0.0,none,20,0.0,0.26,False,False,True,0.32
normal,bit_phase_flip,0.05,none,1,0.186523,0.32,True,False,True,0.32
normal,bit_phase_flip,0.05,none,2,0.21875,0.32,True,False,True,0.32
normal,bit_phase_flip,0.05,none,3,0.223633,0.32,True,False,True,0.32
normal,bit_phase_flip,0.05,none,4,0.222656,0.32,True,False,True,0.32
normal,bit_phase_flip,0.05,none,5,0.022461,0.2689844,False,False,True,0.32
normal,bit_phase_flip,0.05,none,6,0.211914,0.32,True,False,True,0.32
normal,bit_phase_flip,0.05,none,7,0.158203,0.32,True,False,True,0.32
normal,bit_phase_flip,0.05,none,8,0.071289,0.2885156,False,False,True,0.32
normal,bit_phase_flip,0.05,none,9,0.018555,0.267422,False,False,True,0.32
normal,bit_phase_flip,0.05,none,10,0.205078,0.32,True,False,True,0.32
normal,bit_phase_flip,0.05,none,11,0.170898,0.32,True,False,True,0.32
normal,bit_phase_flip,0.05,none,12,0.025391,0.2701564,False,False,True,0.32
normal,bit_phase_flip,0.05,none,13,0.079102,0.29164080000000003,False,False,True,0.32
normal,bit_phase_flip,0.05,none,14,0.22168,0.32,True,False,True,0.32
normal,bit_phase_flip,0.05,none,15,0.079102,0.29164080000000003,False,False,True,0.32
normal,bit_phase_flip,0.05,none,16,0.180664,0.32,True,False,True,0.32
normal,bit_phase_flip,0.05,none,17,0.073242,0.2892968,False,False,True,0.32
normal,bit_phase_flip,0.05,none,18,0.068359,0.28734360000000003,False,False,True,0.32
normal,bit_phase_flip,0.05,none,19,0.219727,0.32,True,False,True,0.32
normal,bit_phase_flip,0.05,none,20,0.206055,0.32,True,False,True,0.32
normal,bit_phase_flip,0.1,none,1,0.329102,0.32,True,True,False,0.32
normal,bit_phase_flip,0.1,none,2,0.306641,0.32,True,False,True,0.32
normal,bit_phase_flip,0.1,none,3,0.295898,0.32,True,False,True,0.32
normal,bit_phase_flip,0.1,none,4,0.286133,0.32,True,False,True,0.32
normal,bit_phase_flip,0.1,none,5,0.350586,0.32,True,True,False,0.32
normal,bit_phase_flip,0.1,none,6,0.131836,0.3127344,False,False,True,0.32
normal,bit_phase_flip,0.1,none,7,0.323242,0.32,True,True,False,0.32
normal,bit_phase_flip,0.1,none,8,0.154297,0.32,True,False,True,0.32
normal,bit_phase_flip,0.1,none,9,0.308594,0.32,True,False,True,0.32
normal,bit_phase_flip,0.1,none,10,0.347656,0.32,True,True,False,0.32
normal,bit_phase_flip,0.1,none,11,0.045898,0.27835920000000003,False,False,True,0.32
normal,bit_phase_flip,0.1,none,12,0.336914,0.32,True,True,False,0.32
normal,bit_phase_flip,0.1,none,13,0.350586,0.32,True,True,False,0.32
normal,bit_phase_flip,0.1,none,14,0.051758,0.2807032,False,False,True,0.32
normal,bit_phase_flip,0.1,none,15,0.355469,0.32,True,True,False,0.32
normal,bit_phase_flip,0.1,none,16,0.323242,0.32,True,True,False,0.32
normal,bit_phase_flip,0.1,none,17,0.342773,0.32,True,True,False,0.32
normal,bit_phase_flip,0.1,none,18,0.151367,0.32,True,False,True,0.32
normal,bit_phase_flip,0.1,none,19,0.131836,0.3127344,False,False,True,0.32
normal,bit_phase_flip,0.1,none,20,0.273438,0.32,True,False,True,0.32
normal,bit_phase_flip,0.15,none,1,0.405273,0.32,True,True,False,0.32
normal,bit_phase_flip,0.15,none,2,0.386719,0.32,True,True,False,0.32
normal,bit_phase_flip,0.15,none,3,0.376953,0.32,True,True,False,0.32
normal,bit_phase_flip,0.15,none,4,0.431641,0.32,True,True,False,0.32
normal,bit_phase_flip,0.15,none,5,0.34668,0.32,True,True,False,0.32
normal,bit_phase_flip,0.15,none,6,0.412109,0.32,True,True,False,0.32
normal,bit_phase_flip,0.15,none,7,0.393555,0.32,True,True,False,0.32
normal,bit_phase_flip,0.15,none,8,0.193359,0.32,True,False,True,0.32
normal,bit_phase_flip,0.15,none,9,0.387695,0.32,True,True,False,0.32
normal,bit_phase_flip,0.15,none,10,0.407227,0.32,True,True,False,0.32
normal,bit_phase_flip,0.15,none,11,0.076172,0.2904688,False,False,True,0.32
normal,bit_phase_flip,0.15,none,12,0.073242,0.2892968,False,False,True,0.32
normal,bit_phase_flip,0.15,none,13,0.40918,0.32,True,True,False,0.32
normal,bit_phase_flip,0.15,none,14,0.389648,0.32,True,True,False,0.32
normal,bit_phase_flip,0.15,none,15,0.401367,0.32,True,True,False,0.32
normal,bit_phase_flip,0.15,none,16,0.40332,0.32,True,True,False,0.32
normal,bit_phase_flip,0.15,none,17,0.214844,0.32,True,False,True,0.32
normal,bit_phase_flip,0.15,none,18,0.37207,0.32,True,True,False,0.32
normal,bit_phase_flip,0.15,none,19,0.424805,0.32,True,True,False,0.32
normal,bit_phase_flip,0.15,none,20,0.405273,0.32,True,True,False,0.32
normal,bit_phase_flip,0.2,none,1,0.429688,0.32,True,True,False,0.32
normal,bit_phase_flip,0.2,none,2,0.451172,0.32,True,True,False,0.32
normal,bit_phase_flip,0.2,none,3,0.294922,0.32,True,False,True,0.32
normal,bit_phase_flip,0.2,none,4,0.117188,0.3068752,False,False,True,0.32
normal,bit_phase_flip,0.2,none,5,0.482422,0.32,True,True,False,0.32
normal,bit_phase_flip,0.2,none,6,0.460938,0.32,True,True,False,0.32
normal,bit_phase_flip,0.2,none,7,0.430664,0.32,True,True,False,0.32
normal,bit_phase_flip,0.2,none,8,0.276367,0.32,True,False,True,0.32
normal,bit_phase_flip,0.2,none,9,0.418945,0.32,True,True,False,0.32
normal,bit_phase_flip,0.2,none,10,0.257812,0.32,True,False,True,0.32
normal,bit_phase_flip,0.2,none,11,0.444336,0.32,True,True,False,0.32
normal,bit_phase_flip,0.2,none,12,0.458008,0.32,True,True,False,0.32
normal,bit_phase_flip,0.2,none,13,0.433594,0.32,True,True,False,0.32
normal,bit_phase_flip,0.2,none,14,0.443359,0.32,True,True,False,0.32
normal,bit_phase_flip,0.2,none,15,0.276367,0.32,True,False,True,0.32
normal,bit_phase_flip,0.2,none,16,0.277344,0.32,True,False,True,0.32
normal,bit_phase_flip,0.2,none,17,0.459961,0.32,True,True,False,0.32
normal,bit_phase_flip,0.2,none,18,0.46875,0.32,True,True,False,0.32
normal,bit_phase_flip,0.2,none,19,0.464844,0.32,True,True,False,0.32
normal,bit_phase_flip,0.2,none,20,0.474609,0.32,True,True,False,0.32
normal,depolarizing,0.0,none,1,0.0,0.26,False,False,True,0.32
normal,depolarizing,0.0,none,2,0.0,0.26,False,False,True,0.32
normal,depolarizing,0.0,none,3,0.0,0.26,False,False,True,0.32
normal,depolarizing,0.0,none,4,0.0,0.26,False,False,True,0.32
normal,depolarizing,0.0,none,5,0.0,0.26,False,False,True,0.32
normal,depolarizing,0.0,none,6,0.0,0.26,False,False,True,0.32
normal,depolarizing,0.0,none,7,0.0,0.26,False,False,True,0.32
normal,depolarizing,0.0,none,8,0.0,0.26,False,False,True,0.32
normal,depolarizing,0.0,none,9,0.0,0.26,False,False,True,0.32
normal,depolarizing,0.0,none,10,0.0,0.26,False,False,True,0.32
normal,depolarizing,0.0,none,11,0.0,0.26,False,False,True,0.32
normal,depolarizing,0.0,none,12,0.0,0.26,False,False,True,0.32
normal,depolarizing,0.0,none,13,0.0,0.26,False,False,True,0.32
normal,depolarizing,0.0,none,14,0.0,0.26,False,False,True,0.32
normal,depolarizing,0.0,none,15,0.0,0.26,False,False,True,0.32
normal,depolarizing,0.0,none,16,0.0,0.26,False,False,True,0.32
normal,depolarizing,0.0,none,17,0.0,0.26,False,False,True,0.32
normal,depolarizing,0.0,none,18,0.0,0.26,False,False,True,0.32
normal,depolarizing,0.0,none,19,0.0,0.26,False,False,True,0.32
normal,depolarizing,0.0,none,20,0.0,0.26,False,False,True,0.32
normal,depolarizing,0.05,none,1,0.013672,0.2654688,False,False,True,0.32
normal,depolarizing,0.05,none,2,0.119141,0.3076564,False,False,True,0.32
normal,depolarizing,0.05,none,3,0.12207,0.308828,False,False,True,0.32
normal,depolarizing,0.05,none,4,0.012695,0.26507800000000004,False,False,True,0.32
normal,depolarizing,0.05,none,5,0.132812,0.31312480000000004,False,False,True,0.32
normal,depolarizing,0.05,none,6,0.041016,0.2764064,False,False,True,0.32
normal,depolarizing,0.05,none,7,0.033203,0.2732812,False,False,True,0.32
normal,depolarizing,0.05,none,8,0.125,0.31,False,False,True,0.32
normal,depolarizing,0.05,none,9,0.042969,0.27718760000000003,False,False,True,0.32
normal,depolarizing,0.05,none,10,0.016602,0.2666408,False,False,True,0.32
normal,depolarizing,0.05,none,11,0.123047,0.3092188,False,False,True,0.32
normal,depolarizing,0.05,none,12,0.123047,0.3092188,False,False,True,0.32
normal,depolarizing,0.05,none,13,0.09082,0.29632800000000004,False,False,True,0.32
normal,depolarizing,0.05,none,14,0.099609,0.2998436,False,False,True,0.32
normal,depolarizing,0.05,none,15,0.124023,0.30960920000000003,False,False,True,0.32
normal,depolarizing,0.05,none,16,0.119141,0.3076564,False,False,True,0.32
normal,depolarizing,0.05,none,17,0.125977,0.3103908,False,False,True,0.32
normal,depolarizing,0.05,none,18,0.111328,0.3045312,False,False,True,0.32
normal,depolarizing,0.05,none,19,0.008789,0.2635156,False,False,True,0.32
normal,depolarizing,0.05,none,20,0.113281,0.30531240000000004,False,False,True,0.32
normal,depolarizing,0.1,none,1,0.208008,0.32,True,False,True,0.32
normal,depolarizing,0.1,none,2,0.22168,0.32,True,False,True,0.32
normal,depolarizing,0.1,none,3,0.083984,0.2935936,False,False,True,0.32
normal,depolarizing,0.1,none,4,0.234375,0.32,True,False,True,0.32
normal,depolarizing,0.1,none,5,0.077148,0.2908592,False,False,True,0.32
normal,depolarizing,0.1,none,6,0.068359,0.28734360000000003,False,False,True,0.32
normal,depolarizing,0.1,none,7,0.0625,0.28500000000000003,False,False,True,0.32
normal,depolarizing,0.1,none,8,0.238281,0.32,True,False,True,0.32
normal,depolarizing,0.1,none,9,0.229492,0.32,True,False,True,0.32
normal,depolarizing,0.1,none,10,0.217773,0.32,True,False,True,0.32
normal,depolarizing,0.1,none,11,0.21582,0.32,True,False,True,0.32
normal,depolarizing,0.1,none,12,0.192383,0.32,True,False,True,0.32
normal,depolarizing,0.1,none,13,0.21875,0.32,True,False,True,0.32
normal,depolarizing,0.1,none,14,0.248047,0.32,True,False,True,0.32
normal,depolarizing,0.1,none,15,0.067383,0.2869532,False,False,True,0.32
normal,depolarizing,0.1,none,16,0.229492,0.32,True,False,True,0.32
normal,depolarizing,0.1,none,17,0.207031,0.32,True,False,True,0.32
normal,depolarizing,0.1,none,18,0.026367,0.27054680000000003,False,False,True,0.32
normal,depolarizing,0.1,none,19,0.085938,0.2943752,False,False,True,0.32
normal,depolarizing,0.1,none,20,0.22168,0.32,True,False,True,0.32
normal,depolarizing,0.15,none,1,0.291992,0.32,True,False,True,0.32
normal,depolarizing,0.15,none,2,0.109375,0.30375,False,False,True,0.32
normal,depolarizing,0.15,none,3,0.302734,0.32,True,False,True,0.32
normal,depolarizing,0.15,none,4,0.24707,0.32,True,False,True,0.32
normal,depolarizing,0.15,none,5,0.033203,0.2732812,False,False,True,0.32
normal,depolarizing,0.15,none,6,0.118164,0.3072656,False,False,True,0.32
normal,depolarizing,0.15,none,7,0.323242,0.32,True,True,False,0.32
normal,depolarizing,0.15,none,8,0.241211,0.32,True,False,True,0.32
normal,depolarizing,0.15,none,9,0.048828,0.27953120000000004,False,False,True,0.32
normal,depolarizing,0.15,none,10,0.302734,0.32,True,False,True,0.32
normal,depolarizing,0.15,none,11,0.116211,0.3064844,False,False,True,0.32
normal,depolarizing,0.15,none,12,0.337891,0.32,True,True,False,0.32
normal,depolarizing,0.15,none,13,0.255859,0.32,True,False,True,0.32
normal,depolarizing,0.15,none,14,0.039062,0.2756248,False,False,True,0.32
normal,depolarizing,0.15,none,15,0.113281,0.30531240000000004,False,False,True,0.32
normal,depolarizing,0.15,none,16,0.297852,0.32,True,False,True,0.32
normal,depolarizing,0.15,none,17,0.313477,0.32,True,False,True,0.32
normal,depolarizing,0.15,none,18,0.268555,0.32,True,False,True,0.32
normal,depolarizing,0.15,none,19,0.035156,0.2740624,False,False,True,0.32
normal,depolarizing,0.15,none,20,0.304688,0.32,True,False,True,0.32
normal,depolarizing,0.2,none,1,0.045898,0.27835920000000003,False,False,True,0.32
normal,depolarizing,0.2,none,2,0.352539,0.32,True,True,False,0.32
normal,depolarizing,0.2,none,3,0.041016,0.2764064,False,False,True,0.32
normal,depolarizing,0.2,none,4,0.31543,0.32,True,False,True,0.32
normal,depolarizing,0.2,none,5,0.044922,0.2779688,False,False,True,0.32
normal,depolarizing,0.2,none,6,0.393555,0.32,True,True,False,0.32
normal,depolarizing,0.2,none,7,0.368164,0.32,True,True,False,0.32
normal,depolarizing,0.2,none,8,0.046875,0.27875,False,False,True,0.32
normal,depolarizing,0.2,none,9,0.327148,0.32,True,True,False,0.32
normal,depolarizing,0.2,none,10,0.358398,0.32,True,True,False,0.32
normal,depolarizing,0.2,none,11,0.341797,0.32,True,True,False,0.32
normal,depolarizing,0.2,none,12,0.325195,0.32,True,True,False,0.32
normal,depolarizing,0.2,none,13,0.405273,0.32,True,True,False,0.32
normal,depolarizing,0.2,none,14,0.351562,0.32,True,True,False,0.32
normal,depolarizing,0.2,none,15,0.385742,0.32,True,True,False,0.32
normal,depolarizing,0.2,none,16,0.327148,0.32,True,True,False,0.32
normal,depolarizing,0.2,none,17,0.332031,0.32,True,True,False,0.32
normal,depolarizing,0.2,none,18,0.367188,0.32,True,True,False,0.32
normal,depolarizing,0.2,none,19,0.050781,0.2803124,False,False,True,0.32
normal,depolarizing,0.2,none,20,0.384766,0.32,True,True,False,0.32
normal,readout,0.0,none,1,0.0,0.26,False,False,True,0.32
normal,readout,0.0,none,2,0.0,0.26,False,False,True,0.32
normal,readout,0.0,none,3,0.0,0.26,False,False,True,0.32
normal,readout,0.0,none,4,0.0,0.26,False,False,True,0.32
normal,readout,0.0,none,5,0.0,0.26,False,False,True,0.32
normal,readout,0.0,none,6,0.0,0.26,False,False,True,0.32
normal,readout,0.0,none,7,0.0,0.26,False,False,True,0.32
normal,readout,0.0,none,8,0.0,0.26,False,False,True,0.32
normal,readout,0.0,none,9,0.0,0.26,False,False,True,0.32
normal,readout,0.0,none,10,0.0,0.26,False,False,True,0.32
normal,readout,0.0,none,11,0.0,0.26,False,False,True,0.32
normal,readout,0.0,none,12,0.0,0.26,False,False,True,0.32
normal,readout,0.0,none,13,0.0,0.26,False,False,True,0.32
normal,readout,0.0,none,14,0.0,0.26,False,False,True,0.32
normal,readout,0.0,none,15,0.0,0.26,False,False,True,0.32
normal,readout,0.0,none,16,0.0,0.26,False,False,True,0.32
normal,readout,0.0,none,17,0.0,0.26,False,False,True,0.32
normal,readout,0.0,none,18,0.0,0.26,False,False,True,0.32
normal,readout,0.0,none,19,0.0,0.26,False,False,True,0.32
normal,readout,0.0,none,20,0.0,0.26,False,False,True,0.32
normal,readout,0.05,none,1,0.100586,0.3002344,False,False,True,0.32
normal,readout,0.05,none,2,0.086914,0.2947656,False,False,True,0.32
normal,readout,0.05,none,3,0.091797,0.2967188,False,False,True,0.32
normal,readout,0.05,none,4,0.084961,0.29398440000000003,False,False,True,0.32
normal,readout,0.05,none,5,0.132812,0.31312480000000004,False,False,True,0.32
normal,readout,0.05,none,6,0.09668,0.298672,False,False,True,0.32
normal,readout,0.05,none,7,0.100586,0.3002344,False,False,True,0.32
normal,readout,0.05,none,8,0.081055,0.292422,False,False,True,0.32
normal,readout,0.05,none,9,0.147461,0.3189844,False,False,True,0.32
normal,readout,0.05,none,10,0.121094,0.3084376,False,False,True,0.32
normal,readout,0.05,none,11,0.104492,0.30179680000000003,False,False,True,0.32
normal,readout,0.05,none,12,0.126953,0.31078120000000004,False,False,True,0.32
normal,readout,0.05,none,13,0.094727,0.2978908,False,False,True,0.32
normal,readout,0.05,none,14,0.085938,0.2943752,False,False,True,0.32
normal,readout,0.05,none,15,0.125,0.31,False,False,True,0.32
normal,readout,0.05,none,16,0.086914,0.2947656,False,False,True,0.32
normal,readout,0.05,none,17,0.130859,0.3123436,False,False,True,0.32
normal,readout,0.05,none,18,0.101562,0.3006248,False,False,True,0.32
normal,readout,0.05,none,19,0.085938,0.2943752,False,False,True,0.32
normal,readout,0.05,none,20,0.089844,0.2959376,False,False,True,0.32
normal,readout,0.1,none,1,0.19043,0.32,True,False,True,0.32
normal,readout,0.1,none,2,0.193359,0.32,True,False,True,0.32
normal,readout,0.1,none,3,0.172852,0.32,True,False,True,0.32
normal,readout,0.1,none,4,0.175781,0.32,True,False,True,0.32
normal,readout,0.1,none,5,0.25,0.32,True,False,True,0.32
normal,readout,0.1,none,6,0.248047,0.32,True,False,True,0.32
normal,readout,0.1,none,7,0.186523,0.32,True,False,True,0.32
normal,readout,0.1,none,8,0.167969,0.32,True,False,True,0.32
normal,readout,0.1,none,9,0.202148,0.32,True,False,True,0.32
normal,readout,0.1,none,10,0.177734,0.32,True,False,True,0.32
normal,readout,0.1,none,11,0.185547,0.32,True,False,True,0.32
normal,readout,0.1,none,12,0.248047,0.32,True,False,True,0.32
normal,readout,0.1,none,13,0.237305,0.32,True,False,True,0.32
normal,readout,0.1,none,14,0.25293,0.32,True,False,True,0.32
normal,readout,0.1,none,15,0.154297,0.32,True,False,True,0.32
normal,readout,0.1,none,16,0.237305,0.32,True,False,True,0.32
normal,readout,0.1,none,17,0.25293,0.32,True,False,True,0.32
normal,readout,0.1,none,18,0.174805,0.32,True,False,True,0.32
normal,readout,0.1,none,19,0.183594,0.32,True,False,True,0.32
normal,readout,0.1,none,20,0.15332,0.32,True,False,True,0.32
normal,readout,0.15,none,1,0.241211,0.32,True,False,True,0.32
normal,readout,0.15,none,2,0.24707,0.32,True,False,True,0.32
normal,readout,0.15,none,3,0.25,0.32,True,False,True,0.32
normal,readout,0.15,none,4,0.337891,0.32,True,True,False,0.32
normal,readout,0.15,none,5,0.280273,0.32,True,False,True,0.32
normal,readout,0.15,none,6,0.250977,0.32,True,False,True,0.32
normal,readout,0.15,none,7,0.28418,0.32,True,False,True,0.32
normal,readout,0.15,none,8,0.248047,0.32,True,False,True,0.32
normal,readout,0.15,none,9,0.249023,0.32,True,False,True,0.32
normal,readout,0.15,none,10,0.257812,0.32,True,False,True,0.32
normal,readout,0.15,none,11,0.349609,0.32,True,True,False,0.32
normal,readout,0.15,none,12,0.326172,0.32,True,True,False,0.32
normal,readout,0.15,none,13,0.298828,0.32,True,False,True,0.32
normal,readout,0.15,none,14,0.249023,0.32,True,False,True,0.32
normal,readout,0.15,none,15,0.270508,0.32,True,False,True,0.32
normal,readout,0.15,none,16,0.243164,0.32,True,False,True,0.32
normal,readout,0.15,none,17,0.327148,0.32,True,True,False,0.32
normal,readout,0.15,none,18,0.24707,0.32,True,False,True,0.32
normal,readout,0.15,none,19,0.260742,0.32,True,False,True,0.32
normal,readout,0.15,none,20,0.314453,0.32,True,False,True,0.32
normal,readout,0.2,none,1,0.323242,0.32,True,True,False,0.32
normal,readout,0.2,none,2,0.366211,0.32,True,True,False,0.32
normal,readout,0.2,none,3,0.310547,0.32,True,False,True,0.32
normal,readout,0.2,none,4,0.371094,0.32,True,True,False,0.32
normal,readout,0.2,none,5,0.299805,0.32,True,False,True,0.32
normal,readout,0.2,none,6,0.373047,0.32,True,True,False,0.32
normal,readout,0.2,none,7,0.399414,0.32,True,True,False,0.32
normal,readout,0.2,none,8,0.299805,0.32,True,False,True,0.32
normal,readout,0.2,none,9,0.300781,0.32,True,False,True,0.32
normal,readout,0.2,none,10,0.347656,0.32,True,True,False,0.32
normal,readout,0.2,none,11,0.339844,0.32,True,True,False,0.32
normal,readout,0.2,none,12,0.381836,0.32,True,True,False,0.32
normal,readout,0.2,none,13,0.317383,0.32,True,False,True,0.32
normal,readout,0.2,none,14,0.412109,0.32,True,True,False,0.32
normal,readout,0.2,none,15,0.402344,0.32,True,True,False,0.32
normal,readout,0.2,none,16,0.404297,0.32,True,True,False,0.32
normal,readout,0.2,none,17,0.293945,0.32,True,False,True,0.32
normal,readout,0.2,none,18,0.328125,0.32,True,True,False,0.32
normal,readout,0.2,none,19,0.392578,0.32,True,True,False,0.32
normal,readout,0.2,none,20,0.313477,0.32,True,False,True,0.32
attack,bit_flip,0.1,pauli_x,1,0.242188,0.32,True,False,False,0.32
attack,bit_flip,0.1,pauli_x,2,0.78125,0.32,True,True,True,0.32
attack,bit_flip,0.1,pauli_x,3,0.19043,0.32,True,False,False,0.32
attack,bit_flip,0.1,pauli_x,4,0.69043,0.32,True,True,True,0.32
attack,bit_flip,0.1,pauli_x,5,0.235352,0.32,True,False,False,0.32
attack,bit_flip,0.1,pauli_x,6,0.797852,0.32,True,True,True,0.32
attack,bit_flip,0.1,pauli_x,7,0.853516,0.32,True,True,True,0.32
attack,bit_flip,0.1,pauli_x,8,0.864258,0.32,True,True,True,0.32
attack,bit_flip,0.1,pauli_x,9,0.176758,0.32,True,False,False,0.32
attack,bit_flip,0.1,pauli_x,10,0.858398,0.32,True,True,True,0.32
attack,bit_flip,0.1,pauli_x,11,0.251953,0.32,True,False,False,0.32
attack,bit_flip,0.1,pauli_x,12,0.24707,0.32,True,False,False,0.32
attack,bit_flip,0.1,pauli_x,13,0.255859,0.32,True,False,False,0.32
attack,bit_flip,0.1,pauli_x,14,0.874023,0.32,True,True,True,0.32
attack,bit_flip,0.1,pauli_x,15,0.741211,0.32,True,True,True,0.32
attack,bit_flip,0.1,pauli_x,16,0.743164,0.32,True,True,True,0.32
attack,bit_flip,0.1,pauli_x,17,0.779297,0.32,True,True,True,0.32
attack,bit_flip,0.1,pauli_x,18,0.672852,0.32,True,True,True,0.32
attack,bit_flip,0.1,pauli_x,19,0.157227,0.32,True,False,False,0.32
attack,bit_flip,0.1,pauli_x,20,0.783203,0.32,True,True,True,0.32
attack,bit_flip,0.1,pauli_y,1,0.244141,0.32,True,False,False,0.32
attack,bit_flip,0.1,pauli_y,2,0.845703,0.32,True,True,True,0.32
attack,bit_flip,0.1,pauli_y,3,0.851562,0.32,True,True,True,0.32
attack,bit_flip,0.1,pauli_y,4,0.199219,0.32,True,False,False,0.32
attack,bit_flip,0.1,pauli_y,5,0.1875,0.32,True,False,False,0.32
attack,bit_flip,0.1,pauli_y,6,0.28418,0.32,True,False,False,0.32
attack,bit_flip,0.1,pauli_y,7,0.828125,0.32,True,True,True,0.32
attack,bit_flip,0.1,pauli_y,8,0.841797,0.32,True,True,True,0.32
attack,bit_flip,0.1,pauli_y,9,0.243164,0.32,True,False,False,0.32
attack,bit_flip,0.1,pauli_y,10,0.851562,0.32,True,True,True,0.32
attack,bit_flip,0.1,pauli_y,11,0.866211,0.32,True,True,True,0.32
attack,bit_flip,0.1,pauli_y,12,0.209961,0.32,True,False,False,0.32
attack,bit_flip,0.1,pauli_y,13,0.220703,0.32,True,False,False,0.32
attack,bit_flip,0.1,pauli_y,14,0.273438,0.32,True,False,False,0.32
attack,bit_flip,0.1,pauli_y,15,0.84375,0.32,True,True,True,0.32
attack,bit_flip,0.1,pauli_y,16,0.286133,0.32,True,False,False,0.32
attack,bit_flip,0.1,pauli_y,17,0.205078,0.32,True,False,False,0.32
attack,bit_flip,0.1,pauli_y,18,0.817383,0.32,True,True,True,0.32
attack,bit_flip,0.1,pauli_y,19,0.757812,0.32,True,True,True,0.32
attack,bit_flip,0.1,pauli_y,20,0.848633,0.32,True,True,True,0.32
attack,bit_flip,0.1,pauli_z,1,0.832031,0.32,True,True,True,0.32
attack,bit_flip,0.1,pauli_z,2,0.836914,0.32,True,True,True,0.32
attack,bit_flip,0.1,pauli_z,3,0.782227,0.32,True,True,True,0.32
attack,bit_flip,0.1,pauli_z,4,0.767578,0.32,True,True,True,0.32
attack,bit_flip,0.1,pauli_z,5,0.730469,0.32,True,True,True,0.32
attack,bit_flip,0.1,pauli_z,6,0.795898,0.32,True,True,True,0.32
attack,bit_flip,0.1,pauli_z,7,0.788086,0.32,True,True,True,0.32
attack,bit_flip,0.1,pauli_z,8,0.782227,0.32,True,True,True,0.32
attack,bit_flip,0.1,pauli_z,9,0.744141,0.32,True,True,True,0.32
attack,bit_flip,0.1,pauli_z,10,0.769531,0.32,True,True,True,0.32
attack,bit_flip,0.1,pauli_z,11,0.831055,0.32,True,True,True,0.32
attack,bit_flip,0.1,pauli_z,12,0.731445,0.32,True,True,True,0.32
attack,bit_flip,0.1,pauli_z,13,0.054688,0.2818752,False,False,False,0.32
attack,bit_flip,0.1,pauli_z,14,0.806641,0.32,True,True,True,0.32
attack,bit_flip,0.1,pauli_z,15,0.720703,0.32,True,True,True,0.32
attack,bit_flip,0.1,pauli_z,16,0.817383,0.32,True,True,True,0.32
attack,bit_flip,0.1,pauli_z,17,0.84082,0.32,True,True,True,0.32
attack,bit_flip,0.1,pauli_z,18,0.044922,0.2779688,False,False,False,0.32
attack,bit_flip,0.1,pauli_z,19,0.71582,0.32,True,True,True,0.32
attack,bit_flip,0.1,pauli_z,20,0.746094,0.32,True,True,True,0.32
attack,bit_flip,0.1,entanglement_disruption,1,0.482422,0.32,True,True,True,0.32
attack,bit_flip,0.1,entanglement_disruption,2,0.511719,0.32,True,True,True,0.32
attack,bit_flip,0.1,entanglement_disruption,3,0.50293,0.32,True,True,True,0.32
attack,bit_flip,0.1,entanglement_disruption,4,0.328125,0.32,True,True,True,0.32
attack,bit_flip,0.1,entanglement_disruption,5,0.503906,0.32,True,True,True,0.32
attack,bit_flip,0.1,entanglement_disruption,6,0.34375,0.32,True,True,True,0.32
attack,bit_flip,0.1,entanglement_disruption,7,0.307617,0.32,True,False,False,0.32
attack,bit_flip,0.1,entanglement_disruption,8,0.49707,0.32,True,True,True,0.32
attack,bit_flip,0.1,entanglement_disruption,9,0.494141,0.32,True,True,True,0.32
attack,bit_flip,0.1,entanglement_disruption,10,0.493164,0.32,True,True,True,0.32
attack,bit_flip,0.1,entanglement_disruption,11,0.34082,0.32,True,True,True,0.32
attack,bit_flip,0.1,entanglement_disruption,12,0.345703,0.32,True,True,True,0.32
attack,bit_flip,0.1,entanglement_disruption,13,0.520508,0.32,True,True,True,0.32
attack,bit_flip,0.1,entanglement_disruption,14,0.369141,0.32,True,True,True,0.32
attack,bit_flip,0.1,entanglement_disruption,15,0.322266,0.32,True,True,True,0.32
attack,bit_flip,0.1,entanglement_disruption,16,0.514648,0.32,True,True,True,0.32
attack,bit_flip,0.1,entanglement_disruption,17,0.492188,0.32,True,True,True,0.32
attack,bit_flip,0.1,entanglement_disruption,18,0.512695,0.32,True,True,True,0.32
attack,bit_flip,0.1,entanglement_disruption,19,0.505859,0.32,True,True,True,0.32
attack,bit_flip,0.1,entanglement_disruption,20,0.521484,0.32,True,True,True,0.32
attack,phase_flip,0.1,pauli_x,1,0.272461,0.32,True,False,False,0.32
attack,phase_flip,0.1,pauli_x,2,1.0,0.32,True,True,True,0.32
attack,phase_flip,0.1,pauli_x,3,0.737305,0.32,True,True,True,0.32
attack,phase_flip,0.1,pauli_x,4,0.737305,0.32,True,True,True,0.32
attack,phase_flip,0.1,pauli_x,5,0.239258,0.32,True,False,False,0.32
attack,phase_flip,0.1,pauli_x,6,0.262695,0.32,True,False,False,0.32
attack,phase_flip,0.1,pauli_x,7,0.290039,0.32,True,False,False,0.32
attack,phase_flip,0.1,pauli_x,8,0.714844,0.32,True,True,True,0.32
attack,phase_flip,0.1,pauli_x,9,0.761719,0.32,True,True,True,0.32
attack,phase_flip,0.1,pauli_x,10,0.735352,0.32,True,True,True,0.32
attack,phase_flip,0.1,pauli_x,11,0.287109,0.32,True,False,False,0.32
attack,phase_flip,0.1,pauli_x,12,0.258789,0.32,True,False,False,0.32
attack,phase_flip,0.1,pauli_x,13,1.0,0.32,True,True,True,0.32
attack,phase_flip,0.1,pauli_x,14,0.725586,0.32,True,True,True,0.32
attack,phase_flip,0.1,pauli_x,15,0.246094,0.32,True,False,False,0.32
attack,phase_flip,0.1,pauli_x,16,0.274414,0.32,True,False,False,0.32
attack,phase_flip,0.1,pauli_x,17,0.276367,0.32,True,False,False,0.32
attack,phase_flip,0.1,pauli_x,18,0.267578,0.32,True,False,False,0.32
attack,phase_flip,0.1,pauli_x,19,0.268555,0.32,True,False,False,0.32
attack,phase_flip,0.1,pauli_x,20,0.720703,0.32,True,True,True,0.32
attack,phase_flip,0.1,pauli_y,1,0.224609,0.32,True,False,False,0.32
attack,phase_flip,0.1,pauli_y,2,0.201172,0.32,True,False,False,0.32
attack,phase_flip,0.1,pauli_y,3,0.208008,0.32,True,False,False,0.32
attack,phase_flip,0.1,pauli_y,4,0.203125,0.32,True,False,False,0.32
attack,phase_flip,0.1,pauli_y,5,1.0,0.32,True,True,True,0.32
attack,phase_flip,0.1,pauli_y,6,0.792969,0.32,True,True,True,0.32
attack,phase_flip,0.1,pauli_y,7,0.212891,0.32,True,False,False,0.32
attack,phase_flip,0.1,pauli_y,8,1.0,0.32,True,True,True,0.32
attack,phase_flip,0.1,pauli_y,9,1.0,0.32,True,True,True,0.32
attack,phase_flip,0.1,pauli_y,10,0.231445,0.32,True,False,False,0.32
attack,phase_flip,0.1,pauli_y,11,1.0,0.32,True,True,True,0.32
attack,phase_flip,0.1,pauli_y,12,0.765625,0.32,True,True,True,0.32
attack,phase_flip,0.1,pauli_y,13,1.0,0.32,True,True,True,0.32
attack,phase_flip,0.1,pauli_y,14,1.0,0.32,True,True,True,0.32
attack,phase_flip,0.1,pauli_y,15,0.189453,0.32,True,False,False,0.32
attack,phase_flip,0.1,pauli_y,16,0.795898,0.32,True,True,True,0.32
attack,phase_flip,0.1,pauli_y,17,0.791992,0.32,True,True,True,0.32
attack,phase_flip,0.1,pauli_y,18,0.785156,0.32,True,True,True,0.32
attack,phase_flip,0.1,pauli_y,19,0.782227,0.32,True,True,True,0.32
attack,phase_flip,0.1,pauli_y,20,1.0,0.32,True,True,True,0.32
attack,phase_flip,0.1,pauli_z,1,0.775391,0.32,True,True,True,0.32
attack,phase_flip,0.1,pauli_z,2,0.806641,0.32,True,True,True,0.32
attack,phase_flip,0.1,pauli_z,3,0.0,0.26,False,False,False,0.32
attack,phase_flip,0.1,pauli_z,4,0.793945,0.32,True,True,True,0.32
attack,phase_flip,0.1,pauli_z,5,0.77832,0.32,True,True,True,0.32
attack,phase_flip,0.1,pauli_z,6,0.0,0.26,False,False,False,0.32
attack,phase_flip,0.1,pauli_z,7,0.0,0.26,False,False,False,0.32
attack,phase_flip,0.1,pauli_z,8,0.814453,0.32,True,True,True,0.32
attack,phase_flip,0.1,pauli_z,9,0.0,0.26,False,False,False,0.32
attack,phase_flip,0.1,pauli_z,10,0.0,0.26,False,False,False,0.32
attack,phase_flip,0.1,pauli_z,11,0.789062,0.32,True,True,True,0.32
attack,phase_flip,0.1,pauli_z,12,0.796875,0.32,True,True,True,0.32
attack,phase_flip,0.1,pauli_z,13,0.0,0.26,False,False,False,0.32
attack,phase_flip,0.1,pauli_z,14,0.790039,0.32,True,True,True,0.32
attack,phase_flip,0.1,pauli_z,15,0.0,0.26,False,False,False,0.32
attack,phase_flip,0.1,pauli_z,16,0.0,0.26,False,False,False,0.32
attack,phase_flip,0.1,pauli_z,17,0.788086,0.32,True,True,True,0.32
attack,phase_flip,0.1,pauli_z,18,0.779297,0.32,True,True,True,0.32
attack,phase_flip,0.1,pauli_z,19,0.780273,0.32,True,True,True,0.32
attack,phase_flip,0.1,pauli_z,20,0.777344,0.32,True,True,True,0.32
attack,phase_flip,0.1,entanglement_disruption,1,0.486328,0.32,True,True,True,0.32
attack,phase_flip,0.1,entanglement_disruption,2,0.510742,0.32,True,True,True,0.32
attack,phase_flip,0.1,entanglement_disruption,3,0.498047,0.32,True,True,True,0.32
attack,phase_flip,0.1,entanglement_disruption,4,0.489258,0.32,True,True,True,0.32
attack,phase_flip,0.1,entanglement_disruption,5,0.496094,0.32,True,True,True,0.32
attack,phase_flip,0.1,entanglement_disruption,6,0.495117,0.32,True,True,True,0.32
attack,phase_flip,0.1,entanglement_disruption,7,0.503906,0.32,True,True,True,0.32
attack,phase_flip,0.1,entanglement_disruption,8,0.334961,0.32,True,True,True,0.32
attack,phase_flip,0.1,entanglement_disruption,9,0.484375,0.32,True,True,True,0.32
attack,phase_flip,0.1,entanglement_disruption,10,0.523438,0.32,True,True,True,0.32
attack,phase_flip,0.1,entanglement_disruption,11,0.511719,0.32,True,True,True,0.32
attack,phase_flip,0.1,entanglement_disruption,12,0.488281,0.32,True,True,True,0.32
attack,phase_flip,0.1,entanglement_disruption,13,0.523438,0.32,True,True,True,0.32
attack,phase_flip,0.1,entanglement_disruption,14,0.492188,0.32,True,True,True,0.32
attack,phase_flip,0.1,entanglement_disruption,15,0.510742,0.32,True,True,True,0.32
attack,phase_flip,0.1,entanglement_disruption,16,0.494141,0.32,True,True,True,0.32
attack,phase_flip,0.1,entanglement_disruption,17,0.532227,0.32,True,True,True,0.32
attack,phase_flip,0.1,entanglement_disruption,18,0.496094,0.32,True,True,True,0.32
attack,phase_flip,0.1,entanglement_disruption,19,0.495117,0.32,True,True,True,0.32
attack,phase_flip,0.1,entanglement_disruption,20,0.492188,0.32,True,True,True,0.32
attack,bit_phase_flip,0.1,pauli_x,1,0.804688,0.32,True,True,True,0.32
attack,bit_phase_flip,0.1,pauli_x,2,0.369141,0.32,True,True,True,0.32
attack,bit_phase_flip,0.1,pauli_x,3,0.65332,0.32,True,True,True,0.32
attack,bit_phase_flip,0.1,pauli_x,4,0.342773,0.32,True,True,True,0.32
attack,bit_phase_flip,0.1,pauli_x,5,0.717773,0.32,True,True,True,0.32
attack,bit_phase_flip,0.1,pauli_x,6,0.852539,0.32,True,True,True,0.32
attack,bit_phase_flip,0.1,pauli_x,7,0.391602,0.32,True,True,True,0.32
attack,bit_phase_flip,0.1,pauli_x,8,0.682617,0.32,True,True,True,0.32
attack,bit_phase_flip,0.1,pauli_x,9,0.332031,0.32,True,True,True,0.32
attack,bit_phase_flip,0.1,pauli_x,10,0.700195,0.32,True,True,True,0.32
attack,bit_phase_flip,0.1,pauli_x,11,0.376953,0.32,True,True,True,0.32
attack,bit_phase_flip,0.1,pauli_x,12,0.881836,0.32,True,True,True,0.32
attack,bit_phase_flip,0.1,pauli_x,13,0.855469,0.32,True,True,True,0.32
attack,bit_phase_flip,0.1,pauli_x,14,0.657227,0.32,True,True,True,0.32
attack,bit_phase_flip,0.1,pauli_x,15,0.384766,0.32,True,True,True,0.32
attack,bit_phase_flip,0.1,pauli_x,16,0.371094,0.32,True,True,True,0.32
attack,bit_phase_flip,0.1,pauli_x,17,0.631836,0.32,True,True,True,0.32
attack,bit_phase_flip,0.1,pauli_x,18,0.655273,0.32,True,True,True,0.32
attack,bit_phase_flip,0.1,pauli_x,19,0.875,0.32,True,True,True,0.32
attack,bit_phase_flip,0.1,pauli_x,20,0.350586,0.32,True,True,True,0.32
attack,bit_phase_flip,0.1,pauli_y,1,0.334961,0.32,True,True,True,0.32
attack,bit_phase_flip,0.1,pauli_y,2,0.619141,0.32,True,True,True,0.32
attack,bit_phase_flip,0.1,pauli_y,3,0.328125,0.32,True,True,True,0.32
attack,bit_phase_flip,0.1,pauli_y,4,0.661133,0.32,True,True,True,0.32
attack,bit_phase_flip,0.1,pauli_y,5,0.277344,0.32,True,False,False,0.32
attack,bit_phase_flip,0.1,pauli_y,6,0.943359,0.32,True,True,True,0.32
attack,bit_phase_flip,0.1,pauli_y,7,0.950195,0.32,True,True,True,0.32
attack,bit_phase_flip,0.1,pauli_y,8,0.662109,0.32,True,True,True,0.32
attack,bit_phase_flip,0.1,pauli_y,9,0.34668,0.32,True,True,True,0.32
attack,bit_phase_flip,0.1,pauli_y,10,0.294922,0.32,True,False,False,0.32
attack,bit_phase_flip,0.1,pauli_y,11,0.675781,0.32,True,True,True,0.32
attack,bit_phase_flip,0.1,pauli_y,12,0.301758,0.32,True,False,False,0.32
attack,bit_phase_flip,0.1,pauli_y,13,0.320312,0.32,True,True,True,0.32
attack,bit_phase_flip,0.1,pauli_y,14,0.665039,0.32,True,True,True,0.32
attack,bit_phase_flip,0.1,pauli_y,15,0.951172,0.32,True,True,True,0.32
attack,bit_phase_flip,0.1,pauli_y,16,0.330078,0.32,True,True,True,0.32
attack,bit_phase_flip,0.1,pauli_y,17,0.34375,0.32,True,True,True,0.32
attack,bit_phase_flip,0.1,pauli_y,18,0.865234,0.32,True,True,True,0.32
attack,bit_phase_flip,0.1,pauli_y,19,0.328125,0.32,True,True,True,0.32
attack,bit_phase_flip,0.1,pauli_y,20,0.865234,0.32,True,True,True,0.32
attack,bit_phase_flip,0.1,pauli_z,1,0.696289,0.32,True,True,True,0.32
attack,bit_phase_flip,0.1,pauli_z,2,0.708984,0.32,True,True,True,0.32
attack,bit_phase_flip,0.1,pauli_z,3,0.136719,0.3146876,False,False,False,0.32
attack,bit_phase_flip,0.1,pauli_z,4,0.05957,0.283828,False,False,False,0.32
attack,bit_phase_flip,0.1,pauli_z,5,0.636719,0.32,True,True,True,0.32
attack,bit_phase_flip,0.1,pauli_z,6,0.679688,0.32,True,True,True,0.32
attack,bit_phase_flip,0.1,pauli_z,7,0.658203,0.32,True,True,True,0.32
attack,bit_phase_flip,0.1,pauli_z,8,0.677734,0.32,True,True,True,0.32
attack,bit_phase_flip,0.1,pauli_z,9,0.147461,0.3189844,False,False,False,0.32
attack,bit_phase_flip,0.1,pauli_z,10,0.68457,0.32,True,True,True,0.32
attack,bit_phase_flip,0.1,pauli_z,11,0.050781,0.2803124,False,False,False,0.32
attack,bit_phase_flip,0.1,pauli_z,12,0.65918,0.32,True,True,True,0.32
attack,bit_phase_flip,0.1,pauli_z,13,0.165039,0.32,True,False,False,0.32
attack,bit_phase_flip,0.1,pauli_z,14,0.666016,0.32,True,True,True,0.32
attack,bit_phase_flip,0.1,pauli_z,15,0.047852,0.2791408,False,False,False,0.32
attack,bit_phase_flip,0.1,pauli_z,16,0.695312,0.32,True,True,True,0.32
attack,bit_phase_flip,0.1,pauli_z,17,0.047852,0.2791408,False,False,False,0.32
attack,bit_phase_flip,0.1,pauli_z,18,0.674805,0.32,True,True,True,0.32
attack,bit_phase_flip,0.1,pauli_z,19,0.700195,0.32,True,True,True,0.32
attack,bit_phase_flip,0.1,pauli_z,20,0.626953,0.32,True,True,True,0.32
attack,bit_phase_flip,0.1,entanglement_disruption,1,0.527344,0.32,True,True,True,0.32
attack,bit_phase_flip,0.1,entanglement_disruption,2,0.485352,0.32,True,True,True,0.32
attack,bit_phase_flip,0.1,entanglement_disruption,3,0.311523,0.32,True,False,False,0.32
attack,bit_phase_flip,0.1,entanglement_disruption,4,0.474609,0.32,True,True,True,0.32
attack,bit_phase_flip,0.1,entanglement_disruption,5,0.313477,0.32,True,False,False,0.32
attack,bit_phase_flip,0.1,entanglement_disruption,6,0.492188,0.32,True,True,True,0.32
attack,bit_phase_flip,0.1,entanglement_disruption,7,0.484375,0.32,True,True,True,0.32
attack,bit_phase_flip,0.1,entanglement_disruption,8,0.305664,0.32,True,False,False,0.32
attack,bit_phase_flip,0.1,entanglement_disruption,9,0.520508,0.32,True,True,True,0.32
attack,bit_phase_flip,0.1,entanglement_disruption,10,0.516602,0.32,True,True,True,0.32
attack,bit_phase_flip,0.1,entanglement_disruption,11,0.313477,0.32,True,False,False,0.32
attack,bit_phase_flip,0.1,entanglement_disruption,12,0.291992,0.32,True,False,False,0.32
attack,bit_phase_flip,0.1,entanglement_disruption,13,0.339844,0.32,True,True,True,0.32
attack,bit_phase_flip,0.1,entanglement_disruption,14,0.504883,0.32,True,True,True,0.32
attack,bit_phase_flip,0.1,entanglement_disruption,15,0.336914,0.32,True,True,True,0.32
attack,bit_phase_flip,0.1,entanglement_disruption,16,0.493164,0.32,True,True,True,0.32
attack,bit_phase_flip,0.1,entanglement_disruption,17,0.500977,0.32,True,True,True,0.32
attack,bit_phase_flip,0.1,entanglement_disruption,18,0.516602,0.32,True,True,True,0.32
attack,bit_phase_flip,0.1,entanglement_disruption,19,0.501953,0.32,True,True,True,0.32
attack,bit_phase_flip,0.1,entanglement_disruption,20,0.285156,0.32,True,False,False,0.32
attack,depolarizing,0.1,pauli_x,1,0.741211,0.32,True,True,True,0.32
attack,depolarizing,0.1,pauli_x,2,0.744141,0.32,True,True,True,0.32
attack,depolarizing,0.1,pauli_x,3,0.750977,0.32,True,True,True,0.32
attack,depolarizing,0.1,pauli_x,4,0.236328,0.32,True,False,False,0.32
attack,depolarizing,0.1,pauli_x,5,0.74707,0.32,True,True,True,0.32
attack,depolarizing,0.1,pauli_x,6,0.756836,0.32,True,True,True,0.32
attack,depolarizing,0.1,pauli_x,7,0.724609,0.32,True,True,True,0.32
attack,depolarizing,0.1,pauli_x,8,0.237305,0.32,True,False,False,0.32
attack,depolarizing,0.1,pauli_x,9,0.862305,0.32,True,True,True,0.32
attack,depolarizing,0.1,pauli_x,10,0.249023,0.32,True,False,False,0.32
attack,depolarizing,0.1,pauli_x,11,0.863281,0.32,True,True,True,0.32
attack,depolarizing,0.1,pauli_x,12,0.912109,0.32,True,True,True,0.32
attack,depolarizing,0.1,pauli_x,13,0.741211,0.32,True,True,True,0.32
attack,depolarizing,0.1,pauli_x,14,0.197266,0.32,True,False,False,0.32
attack,depolarizing,0.1,pauli_x,15,0.925781,0.32,True,True,True,0.32
attack,depolarizing,0.1,pauli_x,16,0.271484,0.32,True,False,False,0.32
attack,depolarizing,0.1,pauli_x,17,0.220703,0.32,True,False,False,0.32
attack,depolarizing,0.1,pauli_x,18,0.237305,0.32,True,False,False,0.32
attack,depolarizing,0.1,pauli_x,19,0.722656,0.32,True,True,True,0.32
attack,depolarizing,0.1,pauli_x,20,0.882812,0.32,True,True,True,0.32
attack,depolarizing,0.1,pauli_y,1,0.785156,0.32,True,True,True,0.32
attack,depolarizing,0.1,pauli_y,2,0.775391,0.32,True,True,True,0.32
attack,depolarizing,0.1,pauli_y,3,0.788086,0.32,True,True,True,0.32
attack,depolarizing,0.1,pauli_y,4,0.825195,0.32,True,True,True,0.32
attack,depolarizing,0.1,pauli_y,5,0.771484,0.32,True,True,True,0.32
attack,depolarizing,0.1,pauli_y,6,0.78125,0.32,True,True,True,0.32
attack,depolarizing,0.1,pauli_y,7,0.96875,0.32,True,True,True,0.32
attack,depolarizing,0.1,pauli_y,8,0.967773,0.32,True,True,True,0.32
attack,depolarizing,0.1,pauli_y,9,0.255859,0.32,True,False,False,0.32
attack,depolarizing,0.1,pauli_y,10,0.805664,0.32,True,True,True,0.32
attack,depolarizing,0.1,pauli_y,11,0.786133,0.32,True,True,True,0.32
attack,depolarizing,0.1,pauli_y,12,0.249023,0.32,True,False,False,0.32
attack,depolarizing,0.1,pauli_y,13,0.224609,0.32,True,False,False,0.32
attack,depolarizing,0.1,pauli_y,14,0.21582,0.32,True,False,False,0.32
attack,depolarizing,0.1,pauli_y,15,0.776367,0.32,True,True,True,0.32
attack,depolarizing,0.1,pauli_y,16,0.210938,0.32,True,False,False,0.32
attack,depolarizing,0.1,pauli_y,17,0.795898,0.32,True,True,True,0.32
attack,depolarizing,0.1,pauli_y,18,0.239258,0.32,True,False,False,0.32
attack,depolarizing,0.1,pauli_y,19,0.216797,0.32,True,False,False,0.32
attack,depolarizing,0.1,pauli_y,20,0.923828,0.32,True,True,True,0.32
attack,depolarizing,0.1,pauli_z,1,0.073242,0.2892968,False,False,False,0.32
attack,depolarizing,0.1,pauli_z,2,0.78125,0.32,True,True,True,0.32
attack,depolarizing,0.1,pauli_z,3,0.772461,0.32,True,True,True,0.32
attack,depolarizing,0.1,pauli_z,4,0.748047,0.32,True,True,True,0.32
attack,depolarizing,0.1,pauli_z,5,0.02832,0.271328,False,False,False,0.32
attack,depolarizing,0.1,pauli_z,6,0.746094,0.32,True,True,True,0.32
attack,depolarizing,0.1,pauli_z,7,0.777344,0.32,True,True,True,0.32
attack,depolarizing,0.1,pauli_z,8,0.80957,0.32,True,True,True,0.32
attack,depolarizing,0.1,pauli_z,9,0.81543,0.32,True,True,True,0.32
attack,depolarizing,0.1,pauli_z,10,0.09082,0.29632800000000004,False,False,False,0.32
attack,depolarizing,0.1,pauli_z,11,0.019531,0.2678124,False,False,False,0.32
attack,depolarizing,0.1,pauli_z,12,0.030273,0.2721092,False,False,False,0.32
attack,depolarizing,0.1,pauli_z,13,0.075195,0.290078,False,False,False,0.32
attack,depolarizing,0.1,pauli_z,14,0.818359,0.32,True,True,True,0.32
attack,depolarizing,0.1,pauli_z,15,0.811523,0.32,True,True,True,0.32
attack,depolarizing,0.1,pauli_z,16,0.804688,0.32,True,True,True,0.32
attack,depolarizing,0.1,pauli_z,17,0.800781,0.32,True,True,True,0.32
attack,depolarizing,0.1,pauli_z,18,0.032227,0.2728908,False,False,False,0.32
attack,depolarizing,0.1,pauli_z,19,0.780273,0.32,True,True,True,0.32
attack,depolarizing,0.1,pauli_z,20,0.764648,0.32,True,True,True,0.32
attack,depolarizing,0.1,entanglement_disruption,1,0.285156,0.32,True,False,False,0.32
attack,depolarizing,0.1,entanglement_disruption,2,0.499023,0.32,True,True,True,0.32
attack,depolarizing,0.1,entanglement_disruption,3,0.500977,0.32,True,True,True,0.32
attack,depolarizing,0.1,entanglement_disruption,4,0.277344,0.32,True,False,False,0.32
attack,depolarizing,0.1,entanglement_disruption,5,0.258789,0.32,True,False,False,0.32
attack,depolarizing,0.1,entanglement_disruption,6,0.520508,0.32,True,True,True,0.32
attack,depolarizing,0.1,entanglement_disruption,7,0.291016,0.32,True,False,False,0.32
attack,depolarizing,0.1,entanglement_disruption,8,0.256836,0.32,True,False,False,0.32
attack,depolarizing,0.1,entanglement_disruption,9,0.475586,0.32,True,True,True,0.32
attack,depolarizing,0.1,entanglement_disruption,10,0.24707,0.32,True,False,False,0.32
attack,depolarizing,0.1,entanglement_disruption,11,0.503906,0.32,True,True,True,0.32
attack,depolarizing,0.1,entanglement_disruption,12,0.505859,0.32,True,True,True,0.32
attack,depolarizing,0.1,entanglement_disruption,13,0.5,0.32,True,True,True,0.32
attack,depolarizing,0.1,entanglement_disruption,14,0.513672,0.32,True,True,True,0.32
attack,depolarizing,0.1,entanglement_disruption,15,0.507812,0.32,True,True,True,0.32
attack,depolarizing,0.1,entanglement_disruption,16,0.530273,0.32,True,True,True,0.32
attack,depolarizing,0.1,entanglement_disruption,17,0.506836,0.32,True,True,True,0.32
attack,depolarizing,0.1,entanglement_disruption,18,0.28125,0.32,True,False,False,0.32
attack,depolarizing,0.1,entanglement_disruption,19,0.496094,0.32,True,True,True,0.32
attack,depolarizing,0.1,entanglement_disruption,20,0.286133,0.32,True,False,False,0.32
attack,readout,0.1,pauli_x,1,0.751953,0.32,True,True,True,0.32
attack,readout,0.1,pauli_x,2,0.169922,0.32,True,False,False,0.32
attack,readout,0.1,pauli_x,3,0.823242,0.32,True,True,True,0.32
attack,readout,0.1,pauli_x,4,0.831055,0.32,True,True,True,0.32
attack,readout,0.1,pauli_x,5,0.830078,0.32,True,True,True,0.32
attack,readout,0.1,pauli_x,6,0.810547,0.32,True,True,True,0.32
attack,readout,0.1,pauli_x,7,0.763672,0.32,True,True,True,0.32
attack,readout,0.1,pauli_x,8,0.75293,0.32,True,True,True,0.32
attack,readout,0.1,pauli_x,9,0.768555,0.32,True,True,True,0.32
attack,readout,0.1,pauli_x,10,0.782227,0.32,True,True,True,0.32
attack,readout,0.1,pauli_x,11,0.741211,0.32,True,True,True,0.32
attack,readout,0.1,pauli_x,12,0.803711,0.32,True,True,True,0.32
attack,readout,0.1,pauli_x,13,0.766602,0.32,True,True,True,0.32
attack,readout,0.1,pauli_x,14,0.825195,0.32,True,True,True,0.32
attack,readout,0.1,pauli_x,15,0.829102,0.32,True,True,True,0.32
attack,readout,0.1,pauli_x,16,0.837891,0.32,True,True,True,0.32
attack,readout,0.1,pauli_x,17,0.199219,0.32,True,False,False,0.32
attack,readout,0.1,pauli_x,18,0.745117,0.32,True,True,True,0.32
attack,readout,0.1,pauli_x,19,0.821289,0.32,True,True,True,0.32
attack,readout,0.1,pauli_x,20,0.829102,0.32,True,True,True,0.32
attack,readout,0.1,pauli_y,1,0.232422,0.32,True,False,False,0.32
attack,readout,0.1,pauli_y,2,0.811523,0.32,True,True,True,0.32
attack,readout,0.1,pauli_y,3,0.833984,0.32,True,True,True,0.32
attack,readout,0.1,pauli_y,4,0.821289,0.32,True,True,True,0.32
attack,readout,0.1,pauli_y,5,0.819336,0.32,True,True,True,0.32
attack,readout,0.1,pauli_y,6,0.81543,0.32,True,True,True,0.32
attack,readout,0.1,pauli_y,7,0.826172,0.32,True,True,True,0.32
attack,readout,0.1,pauli_y,8,0.248047,0.32,True,False,False,0.32
attack,readout,0.1,pauli_y,9,0.822266,0.32,True,True,True,0.32
attack,readout,0.1,pauli_y,10,0.816406,0.32,True,True,True,0.32
attack,readout,0.1,pauli_y,11,0.81543,0.32,True,True,True,0.32
attack,readout,0.1,pauli_y,12,0.811523,0.32,True,True,True,0.32
attack,readout,0.1,pauli_y,13,0.807617,0.32,True,True,True,0.32
attack,readout,0.1,pauli_y,14,0.831055,0.32,True,True,True,0.32
attack,readout,0.1,pauli_y,15,0.240234,0.32,True,False,False,0.32
attack,readout,0.1,pauli_y,16,0.795898,0.32,True,True,True,0.32
attack,readout,0.1,pauli_y,17,0.824219,0.32,True,True,True,0.32
attack,readout,0.1,pauli_y,18,0.84082,0.32,True,True,True,0.32
attack,readout,0.1,pauli_y,19,0.823242,0.32,True,True,True,0.32
attack,readout,0.1,pauli_y,20,0.827148,0.32,True,True,True,0.32
attack,readout,0.1,pauli_z,1,0.15918,0.32,True,False,False,0.32
attack,readout,0.1,pauli_z,2,0.832031,0.32,True,True,True,0.32
attack,readout,0.1,pauli_z,3,0.770508,0.32,True,True,True,0.32
attack,readout,0.1,pauli_z,4,0.756836,0.32,True,True,True,0.32
attack,readout,0.1,pauli_z,5,0.763672,0.32,True,True,True,0.32
attack,readout,0.1,pauli_z,6,0.823242,0.32,True,True,True,0.32
attack,readout,0.1,pauli_z,7,0.807617,0.32,True,True,True,0.32
attack,readout,0.1,pauli_z,8,0.181641,0.32,True,False,False,0.32
attack,readout,0.1,pauli_z,9,0.180664,0.32,True,False,False,0.32
attack,readout,0.1,pauli_z,10,0.197266,0.32,True,False,False,0.32
attack,readout,0.1,pauli_z,11,0.839844,0.32,True,True,True,0.32
attack,readout,0.1,pauli_z,12,0.176758,0.32,True,False,False,0.32
attack,readout,0.1,pauli_z,13,0.182617,0.32,True,False,False,0.32
attack,readout,0.1,pauli_z,14,0.174805,0.32,True,False,False,0.32
attack,readout,0.1,pauli_z,15,0.81543,0.32,True,True,True,0.32
attack,readout,0.1,pauli_z,16,0.8125,0.32,True,True,True,0.32
attack,readout,0.1,pauli_z,17,0.820312,0.32,True,True,True,0.32
attack,readout,0.1,pauli_z,18,0.182617,0.32,True,False,False,0.32
attack,readout,0.1,pauli_z,19,0.765625,0.32,True,True,True,0.32
attack,readout,0.1,pauli_z,20,0.748047,0.32,True,True,True,0.32
attack,readout,0.1,entanglement_disruption,1,0.239258,0.32,True,False,False,0.32
attack,readout,0.1,entanglement_disruption,2,0.220703,0.32,True,False,False,0.32
attack,readout,0.1,entanglement_disruption,3,0.493164,0.32,True,True,True,0.32
attack,readout,0.1,entanglement_disruption,4,0.242188,0.32,True,False,False,0.32
attack,readout,0.1,entanglement_disruption,5,0.498047,0.32,True,True,True,0.32
attack,readout,0.1,entanglement_disruption,6,0.506836,0.32,True,True,True,0.32
attack,readout,0.1,entanglement_disruption,7,0.537109,0.32,True,True,True,0.32
attack,readout,0.1,entanglement_disruption,8,0.500977,0.32,True,True,True,0.32
attack,readout,0.1,entanglement_disruption,9,0.495117,0.32,True,True,True,0.32
attack,readout,0.1,entanglement_disruption,10,0.509766,0.32,True,True,True,0.32
attack,readout,0.1,entanglement_disruption,11,0.52832,0.32,True,True,True,0.32
attack,readout,0.1,entanglement_disruption,12,0.50293,0.32,True,True,True,0.32
attack,readout,0.1,entanglement_disruption,13,0.467773,0.32,True,True,True,0.32
attack,readout,0.1,entanglement_disruption,14,0.499023,0.32,True,True,True,0.32
attack,readout,0.1,entanglement_disruption,15,0.517578,0.32,True,True,True,0.32
attack,readout,0.1,entanglement_disruption,16,0.479492,0.32,True,True,True,0.32
attack,readout,0.1,entanglement_disruption,17,0.500977,0.32,True,True,True,0.32
attack,readout,0.1,entanglement_disruption,18,0.5,0.32,True,True,True,0.32
attack,readout,0.1,entanglement_disruption,19,0.484375,0.32,True,True,True,0.32
attack,readout,0.1,entanglement_disruption,20,0.259766,0.32,True,False,False,0.32
normal,bit_flip,0.0,none,1,0.0,0.26,False,False,True,0.34
normal,bit_flip,0.0,none,2,0.0,0.26,False,False,True,0.34
normal,bit_flip,0.0,none,3,0.0,0.26,False,False,True,0.34
normal,bit_flip,0.0,none,4,0.0,0.26,False,False,True,0.34
normal,bit_flip,0.0,none,5,0.0,0.26,False,False,True,0.34
normal,bit_flip,0.0,none,6,0.0,0.26,False,False,True,0.34
normal,bit_flip,0.0,none,7,0.0,0.26,False,False,True,0.34
normal,bit_flip,0.0,none,8,0.0,0.26,False,False,True,0.34
normal,bit_flip,0.0,none,9,0.0,0.26,False,False,True,0.34
normal,bit_flip,0.0,none,10,0.0,0.26,False,False,True,0.34
normal,bit_flip,0.0,none,11,0.0,0.26,False,False,True,0.34
normal,bit_flip,0.0,none,12,0.0,0.26,False,False,True,0.34
normal,bit_flip,0.0,none,13,0.0,0.26,False,False,True,0.34
normal,bit_flip,0.0,none,14,0.0,0.26,False,False,True,0.34
normal,bit_flip,0.0,none,15,0.0,0.26,False,False,True,0.34
normal,bit_flip,0.0,none,16,0.0,0.26,False,False,True,0.34
normal,bit_flip,0.0,none,17,0.0,0.26,False,False,True,0.34
normal,bit_flip,0.0,none,18,0.0,0.26,False,False,True,0.34
normal,bit_flip,0.0,none,19,0.0,0.26,False,False,True,0.34
normal,bit_flip,0.0,none,20,0.0,0.26,False,False,True,0.34
normal,bit_flip,0.05,none,1,0.129883,0.31195320000000004,False,False,True,0.34
normal,bit_flip,0.05,none,2,0.022461,0.2689844,False,False,True,0.34
normal,bit_flip,0.05,none,3,0.073242,0.2892968,False,False,True,0.34
normal,bit_flip,0.05,none,4,0.136719,0.3146876,False,False,True,0.34
normal,bit_flip,0.05,none,5,0.026367,0.27054680000000003,False,False,True,0.34
normal,bit_flip,0.05,none,6,0.154297,0.3217188,False,False,True,0.34
normal,bit_flip,0.05,none,7,0.02832,0.271328,False,False,True,0.34
normal,bit_flip,0.05,none,8,0.143555,0.317422,False,False,True,0.34
normal,bit_flip,0.05,none,9,0.15332,0.321328,False,False,True,0.34
normal,bit_flip,0.05,none,10,0.023438,0.26937520000000004,False,False,True,0.34
normal,bit_flip,0.05,none,11,0.15625,0.3225,False,False,True,0.34
normal,bit_flip,0.05,none,12,0.026367,0.27054680000000003,False,False,True,0.34
normal,bit_flip,0.05,none,13,0.129883,0.31195320000000004,False,False,True,0.34
normal,bit_flip,0.05,none,14,0.066406,0.2865624,False,False,True,0.34
normal,bit_flip,0.05,none,15,0.155273,0.3221092,False,False,True,0.34
normal,bit_flip,0.05,none,16,0.026367,0.27054680000000003,False,False,True,0.34
normal,bit_flip,0.05,none,17,0.105469,0.3021876,False,False,True,0.34
normal,bit_flip,0.05,none,18,0.152344,0.32093760000000005,False,False,True,0.34
normal,bit_flip,0.05,none,19,0.128906,0.3115624,False,False,True,0.34
normal,bit_flip,0.05,none,20,0.135742,0.31429680000000004,False,False,True,0.34
normal,bit_flip,0.1,none,1,0.24707,0.34,True,False,True,0.34
normal,bit_flip,0.1,none,2,0.197266,0.3389064,False,False,True,0.34
normal,bit_flip,0.1,none,3,0.213867,0.34,True,False,True,0.34
normal,bit_flip,0.1,none,4,0.205078,0.34,True,False,True,0.34
normal,bit_flip,0.1,none,5,0.268555,0.34,True,False,True,0.34
normal,bit_flip,0.1,none,6,0.27832,0.34,True,False,True,0.34
normal,bit_flip,0.1,none,7,0.043945,0.277578,False,False,True,0.34
normal,bit_flip,0.1,none,8,0.257812,0.34,True,False,True,0.34
normal,bit_flip,0.1,none,9,0.243164,0.34,True,False,True,0.34
normal,bit_flip,0.1,none,10,0.230469,0.34,True,False,True,0.34
normal,bit_flip,0.1,none,11,0.151367,0.3205468,False,False,True,0.34
normal,bit_flip,0.1,none,12,0.217773,0.34,True,False,True,0.34
normal,bit_flip,0.1,none,13,0.254883,0.34,True,False,True,0.34
normal,bit_flip,0.1,none,14,0.123047,0.3092188,False,False,True,0.34
normal,bit_flip,0.1,none,15,0.120117,0.3080468,False,False,True,0.34
normal,bit_flip,0.1,none,16,0.234375,0.34,True,False,True,0.34
normal,bit_flip,0.1,none,17,0.222656,0.34,True,False,True,0.34
normal,bit_flip,0.1,none,18,0.041992,0.2767968,False,False,True,0.34
normal,bit_flip,0.1,none,19,0.258789,0.34,True,False,True,0.34
normal,bit_flip,0.1,none,20,0.259766,0.34,True,False,True,0.34
normal,bit_flip,0.15,none,1,0.082031,0.29281240000000003,False,False,True,0.34
normal,bit_flip,0.15,none,2,0.211914,0.34,True,False,True,0.34
normal,bit_flip,0.15,none,3,0.220703,0.34,True,False,True,0.34
normal,bit_flip,0.15,none,4,0.280273,0.34,True,False,True,0.34
normal,bit_flip,0.15,none,5,0.338867,0.34,True,False,True,0.34
normal,bit_flip,0.15,none,6,0.285156,0.34,True,False,True,0.34
normal,bit_flip,0.15,none,7,0.179688,0.33187520000000004,False,False,True,0.34
normal,bit_flip,0.15,none,8,0.261719,0.34,True,False,True,0.34
normal,bit_flip,0.15,none,9,0.267578,0.34,True,False,True,0.34
normal,bit_flip,0.15,none,10,0.27832,0.34,True,False,True,0.34
normal,bit_flip,0.15,none,11,0.207031,0.34,True,False,True,0.34
normal,bit_flip,0.15,none,12,0.354492,0.34,True,True,False,0.34
normal,bit_flip,0.15,none,13,0.06543,0.286172,False,False,True,0.34
normal,bit_flip,0.15,none,14,0.250977,0.34,True,False,True,0.34
normal,bit_flip,0.15,none,15,0.301758,0.34,True,False,True,0.34
normal,bit_flip,0.15,none,16,0.24707,0.34,True,False,True,0.34
normal,bit_flip,0.15,none,17,0.299805,0.34,True,False,True,0.34
normal,bit_flip,0.15,none,18,0.302734,0.34,True,False,True,0.34
normal,bit_flip,0.15,none,19,0.240234,0.34,True,False,True,0.34
normal,bit_flip,0.15,none,20,0.071289,0.2885156,False,False,True,0.34
normal,bit_flip,0.2,none,1,0.098633,0.29945320000000003,False,False,True,0.34
normal,bit_flip,0.2,none,2,0.393555,0.34,True,True,False,0.34
normal,bit_flip,0.2,none,3,0.111328,0.3045312,False,False,True,0.34
normal,bit_flip,0.2,none,4,0.260742,0.34,True,False,True,0.34
normal,bit_flip,0.2,none,5,0.31543,0.34,True,False,True,0.34
normal,bit_flip,0.2,none,6,0.405273,0.34,True,True,False,0.34
normal,bit_flip,0.2,none,7,0.378906,0.34,True,True,False,0.34
normal,bit_flip,0.2,none,8,0.400391,0.34,True,True,False,0.34
normal,bit_flip,0.2,none,9,0.261719,0.34,True,False,True,0.34
normal,bit_flip,0.2,none,10,0.097656,0.2990624,False,False,True,0.34
normal,bit_flip,0.2,none,11,0.422852,0.34,True,True,False,0.34
normal,bit_flip,0.2,none,12,0.266602,0.34,True,False,True,0.34
normal,bit_flip,0.2,none,13,0.323242,0.34,True,False,True,0.34
normal,bit_flip,0.2,none,14,0.398438,0.34,True,True,False,0.34
normal,bit_flip,0.2,none,15,0.388672,0.34,True,True,False,0.34
normal,bit_flip,0.2,none,16,0.422852,0.34,True,True,False,0.34
normal,bit_flip,0.2,none,17,0.088867,0.2955468,False,False,True,0.34
normal,bit_flip,0.2,none,18,0.091797,0.2967188,False,False,True,0.34
normal,bit_flip,0.2,none,19,0.40625,0.34,True,True,False,0.34
normal,bit_flip,0.2,none,20,0.335938,0.34,True,False,True,0.34
normal,phase_flip,0.0,none,1,0.0,0.26,False,False,True,0.34
normal,phase_flip,0.0,none,2,0.0,0.26,False,False,True,0.34
normal,phase_flip,0.0,none,3,0.0,0.26,False,False,True,0.34
normal,phase_flip,0.0,none,4,0.0,0.26,False,False,True,0.34
normal,phase_flip,0.0,none,5,0.0,0.26,False,False,True,0.34
normal,phase_flip,0.0,none,6,0.0,0.26,False,False,True,0.34
normal,phase_flip,0.0,none,7,0.0,0.26,False,False,True,0.34
normal,phase_flip,0.0,none,8,0.0,0.26,False,False,True,0.34
normal,phase_flip,0.0,none,9,0.0,0.26,False,False,True,0.34
normal,phase_flip,0.0,none,10,0.0,0.26,False,False,True,0.34
normal,phase_flip,0.0,none,11,0.0,0.26,False,False,True,0.34
normal,phase_flip,0.0,none,12,0.0,0.26,False,False,True,0.34
normal,phase_flip,0.0,none,13,0.0,0.26,False,False,True,0.34
normal,phase_flip,0.0,none,14,0.0,0.26,False,False,True,0.34
normal,phase_flip,0.0,none,15,0.0,0.26,False,False,True,0.34
normal,phase_flip,0.0,none,16,0.0,0.26,False,False,True,0.34
normal,phase_flip,0.0,none,17,0.0,0.26,False,False,True,0.34
normal,phase_flip,0.0,none,18,0.0,0.26,False,False,True,0.34
normal,phase_flip,0.0,none,19,0.0,0.26,False,False,True,0.34
normal,phase_flip,0.0,none,20,0.0,0.26,False,False,True,0.34
normal,phase_flip,0.05,none,1,0.101562,0.3006248,False,False,True,0.34
normal,phase_flip,0.05,none,2,0.117188,0.3068752,False,False,True,0.34
normal,phase_flip,0.05,none,3,0.130859,0.3123436,False,False,True,0.34
normal,phase_flip,0.05,none,4,0.116211,0.3064844,False,False,True,0.34
normal,phase_flip,0.05,none,5,0.101562,0.3006248,False,False,True,0.34
normal,phase_flip,0.05,none,6,0.0,0.26,False,False,True,0.34
normal,phase_flip,0.05,none,7,0.107422,0.30296880000000004,False,False,True,0.34
normal,phase_flip,0.05,none,8,0.128906,0.3115624,False,False,True,0.34
normal,phase_flip,0.05,none,9,0.0,0.26,False,False,True,0.34
normal,phase_flip,0.05,none,10,0.0,0.26,False,False,True,0.34
normal,phase_flip,0.05,none,11,0.0,0.26,False,False,True,0.34
normal,phase_flip,0.05,none,12,0.0,0.26,False,False,True,0.34
normal,phase_flip,0.05,none,13,0.133789,0.3135156,False,False,True,0.34
normal,phase_flip,0.05,none,14,0.0,0.26,False,False,True,0.34
normal,phase_flip,0.05,none,15,0.121094,0.3084376,False,False,True,0.34
normal,phase_flip,0.05,none,16,0.107422,0.30296880000000004,False,False,True,0.34
normal,phase_flip,0.05,none,17,0.124023,0.30960920000000003,False,False,True,0.34
normal,phase_flip,0.05,none,18,0.109375,0.30375,False,False,True,0.34
normal,phase_flip,0.05,none,19,0.0,0.26,False,False,True,0.34
normal,phase_flip,0.05,none,20,0.114258,0.3057032,False,False,True,0.34
normal,phase_flip,0.1,none,1,0.0,0.26,False,False,True,0.34
normal,phase_flip,0.1,none,2,0.0,0.26,False,False,True,0.34
normal,phase_flip,0.1,none,3,0.230469,0.34,True,False,True,0.34
normal,phase_flip,0.1,none,4,0.208984,0.34,True,False,True,0.34
normal,phase_flip,0.1,none,5,0.227539,0.34,True,False,True,0.34
normal,phase_flip,0.1,none,6,0.212891,0.34,True,False,True,0.34
normal,phase_flip,0.1,none,7,0.223633,0.34,True,False,True,0.34
normal,phase_flip,0.1,none,8,0.217773,0.34,True,False,True,0.34
normal,phase_flip,0.1,none,9,0.0,0.26,False,False,True,0.34
normal,phase_flip,0.1,none,10,0.206055,0.34,True,False,True,0.34
normal,phase_flip,0.1,none,11,0.213867,0.34,True,False,True,0.34
normal,phase_flip,0.1,none,12,0.226562,0.34,True,False,True,0.34
normal,phase_flip,0.1,none,13,0.0,0.26,False,False,True,0.34
normal,phase_flip,0.1,none,14,0.222656,0.34,True,False,True,0.34
normal,phase_flip,0.1,none,15,0.216797,0.34,True,False,True,0.34
normal,phase_flip,0.1,none,16,0.219727,0.34,True,False,True,0.34
normal,phase_flip,0.1,none,17,0.21875,0.34,True,False,True,0.34
normal,phase_flip,0.1,none,18,0.191406,0.33656240000000004,False,False,True,0.34
normal,phase_flip,0.1,none,19,0.0,0.26,False,False,True,0.34
normal,phase_flip,0.1,none,20,0.202148,0.34,True,False,True,0.34
normal,phase_flip,0.15,none,1,0.0,0.26,False,False,True,0.34
normal,phase_flip,0.15,none,2,0.0,0.26,False,False,True,0.34
normal,phase_flip,0.15,none,3,0.0,0.26,False,False,True,0.34
normal,phase_flip,0.15,none,4,0.294922,0.34,True,False,True,0.34
normal,phase_flip,0.15,none,5,0.322266,0.34,True,False,True,0.34
normal,phase_flip,0.15,none,6,0.313477,0.34,True,False,True,0.34
normal,phase_flip,0.15,none,7,0.0,0.26,False,False,True,0.34
normal,phase_flip,0.15,none,8,0.282227,0.34,True,False,True,0.34
normal,phase_flip,0.15,none,9,0.264648,0.34,True,False,True,0.34
normal,phase_flip,0.15,none,10,0.0,0.26,False,False,True,0.34
normal,phase_flip,0.15,none,11,0.0,0.26,False,False,True,0.34
normal,phase_flip,0.15,none,12,0.296875,0.34,True,False,True,0.34
normal,phase_flip,0.15,none,13,0.279297,0.34,True,False,True,0.34
normal,phase_flip,0.15,none,14,0.293945,0.34,True,False,True,0.34
normal,phase_flip,0.15,none,15,0.0,0.26,False,False,True,0.34
normal,phase_flip,0.15,none,16,0.295898,0.34,True,False,True,0.34
normal,phase_flip,0.15,none,17,0.274414,0.34,True,False,True,0.34
normal,phase_flip,0.15,none,18,0.295898,0.34,True,False,True,0.34
normal,phase_flip,0.15,none,19,0.271484,0.34,True,False,True,0.34
normal,phase_flip,0.15,none,20,0.0,0.26,False,False,True,0.34
normal,phase_flip,0.2,none,1,0.0,0.26,False,False,True,0.34
normal,phase_flip,0.2,none,2,0.0,0.26,False,False,True,0.34
normal,phase_flip,0.2,none,3,0.34668,0.34,True,True,False,0.34
normal,phase_flip,0.2,none,4,0.0,0.26,False,False,True,0.34
normal,phase_flip,0.2,none,5,0.374023,0.34,True,True,False,0.34
normal,phase_flip,0.2,none,6,0.0,0.26,False,False,True,0.34
normal,phase_flip,0.2,none,7,0.355469,0.34,True,True,False,0.34
normal,phase_flip,0.2,none,8,0.328125,0.34,True,False,True,0.34
normal,phase_flip,0.2,none,9,0.354492,0.34,True,True,False,0.34
normal,phase_flip,0.2,none,10,0.328125,0.34,True,False,True,0.34
normal,phase_flip,0.2,none,11,0.356445,0.34,True,True,False,0.34
normal,phase_flip,0.2,none,12,0.0,0.26,False,False,True,0.34
normal,phase_flip,0.2,none,13,0.375977,0.34,True,True,False,0.34
normal,phase_flip,0.2,none,14,0.34082,0.34,True,True,False,0.34
normal,phase_flip,0.2,none,15,0.34375,0.34,True,True,False,0.34
normal,phase_flip,0.2,none,16,0.355469,0.34,True,True,False,0.34
normal,phase_flip,0.2,none,17,0.360352,0.34,True,True,False,0.34
normal,phase_flip,0.2,none,18,0.362305,0.34,True,True,False,0.34
normal,phase_flip,0.2,none,19,0.360352,0.34,True,True,False,0.34
normal,phase_flip,0.2,none,20,0.34375,0.34,True,True,False,0.34
normal,bit_phase_flip,0.0,none,1,0.0,0.26,False,False,True,0.34
normal,bit_phase_flip,0.0,none,2,0.0,0.26,False,False,True,0.34
normal,bit_phase_flip,0.0,none,3,0.0,0.26,False,False,True,0.34
normal,bit_phase_flip,0.0,none,4,0.0,0.26,False,False,True,0.34
normal,bit_phase_flip,0.0,none,5,0.0,0.26,False,False,True,0.34
normal,bit_phase_flip,0.0,none,6,0.0,0.26,False,False,True,0.34
normal,bit_phase_flip,0.0,none,7,0.0,0.26,False,False,True,0.34
normal,bit_phase_flip,0.0,none,8,0.0,0.26,False,False,True,0.34
normal,bit_phase_flip,0.0,none,9,0.0,0.26,False,False,True,0.34
normal,bit_phase_flip,0.0,none,10,0.0,0.26,False,False,True,0.34
normal,bit_phase_flip,0.0,none,11,0.0,0.26,False,False,True,0.34
normal,bit_phase_flip,0.0,none,12,0.0,0.26,False,False,True,0.34
normal,bit_phase_flip,0.0,none,13,0.0,0.26,False,False,True,0.34
normal,bit_phase_flip,0.0,none,14,0.0,0.26,False,False,True,0.34
normal,bit_phase_flip,0.0,none,15,0.0,0.26,False,False,True,0.34
normal,bit_phase_flip,0.0,none,16,0.0,0.26,False,False,True,0.34
normal,bit_phase_flip,0.0,none,17,0.0,0.26,False,False,True,0.34
normal,bit_phase_flip,0.0,none,18,0.0,0.26,False,False,True,0.34
normal,bit_phase_flip,0.0,none,19,0.0,0.26,False,False,True,0.34
normal,bit_phase_flip,0.0,none,20,0.0,0.26,False,False,True,0.34
normal,bit_phase_flip,0.05,none,1,0.075195,0.290078,False,False,True,0.34
normal,bit_phase_flip,0.05,none,2,0.022461,0.2689844,False,False,True,0.34
normal,bit_phase_flip,0.05,none,3,0.238281,0.34,True,False,True,0.34
normal,bit_phase_flip,0.05,none,4,0.18457,0.333828,False,False,True,0.34
normal,bit_phase_flip,0.05,none,5,0.023438,0.26937520000000004,False,False,True,0.34
normal,bit_phase_flip,0.05,none,6,0.03125,0.2725,False,False,True,0.34
normal,bit_phase_flip,0.05,none,7,0.181641,0.3326564,False,False,True,0.34
normal,bit_phase_flip,0.05,none,8,0.019531,0.2678124,False,False,True,0.34
normal,bit_phase_flip,0.05,none,9,0.076172,0.2904688,False,False,True,0.34
normal,bit_phase_flip,0.05,none,10,0.19043,0.336172,False,False,True,0.34
normal,bit_phase_flip,0.05,none,11,0.024414,0.2697656,False,False,True,0.34
normal,bit_phase_flip,0.05,none,12,0.033203,0.2732812,False,False,True,0.34
normal,bit_phase_flip,0.05,none,13,0.212891,0.34,True,False,True,0.34
normal,bit_phase_flip,0.05,none,14,0.19043,0.336172,False,False,True,0.34
normal,bit_phase_flip,0.05,none,15,0.210938,0.34,True,False,True,0.34
normal,bit_phase_flip,0.05,none,16,0.179688,0.33187520000000004,False,False,True,0.34
normal,bit_phase_flip,0.05,none,17,0.024414,0.2697656,False,False,True,0.34
normal,bit_phase_flip,0.05,none,18,0.219727,0.34,True,False,True,0.34
normal,bit_phase_flip,0.05,none,19,0.079102,0.29164080000000003,False,False,True,0.34
normal,bit_phase_flip,0.05,none,20,0.205078,0.34,True,False,True,0.34
normal,bit_phase_flip,0.1,none,1,0.364258,0.34,True,True,False,0.34
normal,bit_phase_flip,0.1,none,2,0.135742,0.31429680000000004,False,False,True,0.34
normal,bit_phase_flip,0.1,none,3,0.154297,0.3217188,False,False,True,0.34
normal,bit_phase_flip,0.1,none,4,0.296875,0.34,True,False,True,0.34
normal,bit_phase_flip,0.1,none,5,0.344727,0.34,True,True,False,0.34
normal,bit_phase_flip,0.1,none,6,0.285156,0.34,True,False,True,0.34
normal,bit_phase_flip,0.1,none,7,0.325195,0.34,True,False,True,0.34
normal,bit_phase_flip,0.1,none,8,0.141602,0.3166408,False,False,True,0.34
normal,bit_phase_flip,0.1,none,9,0.306641,0.34,True,False,True,0.34
normal,bit_phase_flip,0.1,none,10,0.311523,0.34,True,False,True,0.34
normal,bit_phase_flip,0.1,none,11,0.060547,0.2842188,False,False,True,0.34
normal,bit_phase_flip,0.1,none,12,0.305664,0.34,True,False,True,0.34
normal,bit_phase_flip,0.1,none,13,0.041016,0.2764064,False,False,True,0.34
normal,bit_phase_flip,0.1,none,14,0.045898,0.27835920000000003,False,False,True,0.34
normal,bit_phase_flip,0.1,none,15,0.349609,0.34,True,True,False,0.34
normal,bit_phase_flip,0.1,none,16,0.347656,0.34,True,True,False,0.34
normal,bit_phase_flip,0.1,none,17,0.314453,0.34,True,False,True,0.34
normal,bit_phase_flip,0.1,none,18,0.31543,0.34,True,False,True,0.34
normal,bit_phase_flip,0.1,none,19,0.313477,0.34,True,False,True,0.34
normal,bit_phase_flip,0.1,none,20,0.146484,0.31859360000000003,False,False,True,0.34
normal,bit_phase_flip,0.15,none,1,0.082031,0.29281240000000003,False,False,True,0.34
normal,bit_phase_flip,0.15,none,2,0.420898,0.34,True,True,False,0.34
normal,bit_phase_flip,0.15,none,3,0.416992,0.34,True,True,False,0.34
normal,bit_phase_flip,0.15,none,4,0.416992,0.34,True,True,False,0.34
normal,bit_phase_flip,0.15,none,5,0.195312,0.3381248,False,False,True,0.34
normal,bit_phase_flip,0.15,none,6,0.417969,0.34,True,True,False,0.34
normal,bit_phase_flip,0.15,none,7,0.208008,0.34,True,False,True,0.34
normal,bit_phase_flip,0.15,none,8,0.432617,0.34,True,True,False,0.34
normal,bit_phase_flip,0.15,none,9,0.44043,0.34,True,True,False,0.34
normal,bit_phase_flip,0.15,none,10,0.186523,0.3346092,False,False,True,0.34
normal,bit_phase_flip,0.15,none,11,0.390625,0.34,True,True,False,0.34
normal,bit_phase_flip,0.15,none,12,0.417969,0.34,True,True,False,0.34
normal,bit_phase_flip,0.15,none,13,0.40625,0.34,True,True,False,0.34
normal,bit_phase_flip,0.15,none,14,0.216797,0.34,True,False,True,0.34
normal,bit_phase_flip,0.15,none,15,0.229492,0.34,True,False,True,0.34
normal,bit_phase_flip,0.15,none,16,0.408203,0.34,True,True,False,0.34
normal,bit_phase_flip,0.15,none,17,0.410156,0.34,True,True,False,0.34
normal,bit_phase_flip,0.15,none,18,0.380859,0.34,True,True,False,0.34
normal,bit_phase_flip,0.15,none,19,0.419922,0.34,True,True,False,0.34
normal,bit_phase_flip,0.15,none,20,0.210938,0.34,True,False,True,0.34
normal,bit_phase_flip,0.2,none,1,0.09375,0.2975,False,False,True,0.34
normal,bit_phase_flip,0.2,none,2,0.466797,0.34,True,True,False,0.34
normal,bit_phase_flip,0.2,none,3,0.253906,0.34,True,False,True,0.34
normal,bit_phase_flip,0.2,none,4,0.442383,0.34,True,True,False,0.34
normal,bit_phase_flip,0.2,none,5,0.432617,0.34,True,True,False,0.34
normal,bit_phase_flip,0.2,none,6,0.442383,0.34,True,True,False,0.34
normal,bit_phase_flip,0.2,none,7,0.46582,0.34,True,True,False,0.34
normal,bit_phase_flip,0.2,none,8,0.115234,0.3060936,False,False,True,0.34
normal,bit_phase_flip,0.2,none,9,0.447266,0.34,True,True,False,0.34
normal,bit_phase_flip,0.2,none,10,0.46582,0.34,True,True,False,0.34
normal,bit_phase_flip,0.2,none,11,0.261719,0.34,True,False,True,0.34
normal,bit_phase_flip,0.2,none,12,0.098633,0.29945320000000003,False,False,True,0.34
normal,bit_phase_flip,0.2,none,13,0.492188,0.34,True,True,False,0.34
normal,bit_phase_flip,0.2,none,14,0.458984,0.34,True,True,False,0.34
normal,bit_phase_flip,0.2,none,15,0.439453,0.34,True,True,False,0.34
normal,bit_phase_flip,0.2,none,16,0.488281,0.34,True,True,False,0.34
normal,bit_phase_flip,0.2,none,17,0.24707,0.34,True,False,True,0.34
normal,bit_phase_flip,0.2,none,18,0.402344,0.34,True,True,False,0.34
normal,bit_phase_flip,0.2,none,19,0.426758,0.34,True,True,False,0.34
normal,bit_phase_flip,0.2,none,20,0.436523,0.34,True,True,False,0.34
normal,depolarizing,0.0,none,1,0.0,0.26,False,False,True,0.34
normal,depolarizing,0.0,none,2,0.0,0.26,False,False,True,0.34
normal,depolarizing,0.0,none,3,0.0,0.26,False,False,True,0.34
normal,depolarizing,0.0,none,4,0.0,0.26,False,False,True,0.34
normal,depolarizing,0.0,none,5,0.0,0.26,False,False,True,0.34
normal,depolarizing,0.0,none,6,0.0,0.26,False,False,True,0.34
normal,depolarizing,0.0,none,7,0.0,0.26,False,False,True,0.34
normal,depolarizing,0.0,none,8,0.0,0.26,False,False,True,0.34
normal,depolarizing,0.0,none,9,0.0,0.26,False,False,True,0.34
normal,depolarizing,0.0,none,10,0.0,0.26,False,False,True,0.34
normal,depolarizing,0.0,none,11,0.0,0.26,False,False,True,0.34
normal,depolarizing,0.0,none,12,0.0,0.26,False,False,True,0.34
normal,depolarizing,0.0,none,13,0.0,0.26,False,False,True,0.34
normal,depolarizing,0.0,none,14,0.0,0.26,False,False,True,0.34
normal,depolarizing,0.0,none,15,0.0,0.26,False,False,True,0.34
normal,depolarizing,0.0,none,16,0.0,0.26,False,False,True,0.34
normal,depolarizing,0.0,none,17,0.0,0.26,False,False,True,0.34
normal,depolarizing,0.0,none,18,0.0,0.26,False,False,True,0.34
normal,depolarizing,0.0,none,19,0.0,0.26,False,False,True,0.34
normal,depolarizing,0.0,none,20,0.0,0.26,False,False,True,0.34
normal,depolarizing,0.05,none,1,0.09668,0.298672,False,False,True,0.34
normal,depolarizing,0.05,none,2,0.138672,0.3154688,False,False,True,0.34
normal,depolarizing,0.05,none,3,0.163086,0.32523440000000003,False,False,True,0.34
normal,depolarizing,0.05,none,4,0.016602,0.2666408,False,False,True,0.34
normal,depolarizing,0.05,none,5,0.018555,0.267422,False,False,True,0.34
normal,depolarizing,0.05,none,6,0.095703,0.2982812,False,False,True,0.34
normal,depolarizing,0.05,none,7,0.113281,0.30531240000000004,False,False,True,0.34
normal,depolarizing,0.05,none,8,0.047852,0.2791408,False,False,True,0.34
normal,depolarizing,0.05,none,9,0.107422,0.30296880000000004,False,False,True,0.34
normal,depolarizing,0.05,none,10,0.114258,0.3057032,False,False,True,0.34
normal,depolarizing,0.05,none,11,0.137695,0.315078,False,False,True,0.34
normal,depolarizing,0.05,none,12,0.148438,0.3193752,False,False,True,0.34
normal,depolarizing,0.05,none,13,0.094727,0.2978908,False,False,True,0.34
normal,depolarizing,0.05,none,14,0.007812,0.2631248,False,False,True,0.34
normal,depolarizing,0.05,none,15,0.124023,0.30960920000000003,False,False,True,0.34
normal,depolarizing,0.05,none,16,0.113281,0.30531240000000004,False,False,True,0.34
normal,depolarizing,0.05,none,17,0.117188,0.3068752,False,False,True,0.34
normal,depolarizing,0.05,none,18,0.143555,0.317422,False,False,True,0.34
normal,depolarizing,0.05,none,19,0.105469,0.3021876,False,False,True,0.34
normal,depolarizing,0.05,none,20,0.105469,0.3021876,False,False,True,0.34
normal,depolarizing,0.1,none,1,0.166992,0.3267968,False,False,True,0.34
normal,depolarizing,0.1,none,2,0.083008,0.2932032,False,False,True,0.34
normal,depolarizing,0.1,none,3,0.229492,0.34,True,False,True,0.34
normal,depolarizing,0.1,none,4,0.173828,0.3295312,False,False,True,0.34
normal,depolarizing,0.1,none,5,0.077148,0.2908592,False,False,True,0.34
normal,depolarizing,0.1,none,6,0.217773,0.34,True,False,True,0.34
normal,depolarizing,0.1,none,7,0.231445,0.34,True,False,True,0.34
normal,depolarizing,0.1,none,8,0.232422,0.34,True,False,True,0.34
normal,depolarizing,0.1,none,9,0.070312,0.2881248,False,False,True,0.34
normal,depolarizing,0.1,none,10,0.223633,0.34,True,False,True,0.34
normal,depolarizing,0.1,none,11,0.241211,0.34,True,False,True,0.34
normal,depolarizing,0.1,none,12,0.19043,0.336172,False,False,True,0.34
normal,depolarizing,0.1,none,13,0.210938,0.34,True,False,True,0.34
normal,depolarizing,0.1,none,14,0.082031,0.29281240000000003,False,False,True,0.34
normal,depolarizing,0.1,none,15,0.228516,0.34,True,False,True,0.34
normal,depolarizing,0.1,none,16,0.211914,0.34,True,False,True,0.34
normal,depolarizing,0.1,none,17,0.225586,0.34,True,False,True,0.34
normal,depolarizing,0.1,none,18,0.070312,0.2881248,False,False,True,0.34
normal,depolarizing,0.1,none,19,0.216797,0.34,True,False,True,0.34
normal,depolarizing,0.1,none,20,0.202148,0.34,True,False,True,0.34
normal,depolarizing,0.15,none,1,0.316406,0.34,True,False,True,0.34
normal,depolarizing,0.15,none,2,0.31543,0.34,True,False,True,0.34
normal,depolarizing,0.15,none,3,0.283203,0.34,True,False,True,0.34
normal,depolarizing,0.15,none,4,0.305664,0.34,True,False,True,0.34
normal,depolarizing,0.15,none,5,0.100586,0.3002344,False,False,True,0.34
normal,depolarizing,0.15,none,6,0.290039,0.34,True,False,True,0.34
normal,depolarizing,0.15,none,7,0.34375,0.34,True,True,False,0.34
normal,depolarizing,0.15,none,8,0.256836,0.34,True,False,True,0.34
normal,depolarizing,0.15,none,9,0.268555,0.34,True,False,True,0.34
normal,depolarizing,0.15,none,10,0.02832,0.271328,False,False,True,0.34
normal,depolarizing,0.15,none,11,0.041992,0.2767968,False,False,True,0.34
normal,depolarizing,0.15,none,12,0.321289,0.34,True,False,True,0.34
normal,depolarizing,0.15,none,13,0.114258,0.3057032,False,False,True,0.34
normal,depolarizing,0.15,none,14,0.02832,0.271328,False,False,True,0.34
normal,depolarizing,0.15,none,15,0.335938,0.34,True,False,True,0.34
normal,depolarizing,0.15,none,16,0.313477,0.34,True,False,True,0.34
normal,depolarizing,0.15,none,17,0.349609,0.34,True,True,False,0.34
normal,depolarizing,0.15,none,18,0.265625,0.34,True,False,True,0.34
normal,depolarizing,0.15,none,19,0.293945,0.34,True,False,True,0.34
normal,depolarizing,0.15,none,20,0.121094,0.3084376,False,False,True,0.34
normal,depolarizing,0.2,none,1,0.381836,0.34,True,True,False,0.34
normal,depolarizing,0.2,none,2,0.056641,0.28265640000000003,False,False,True,0.34
normal,depolarizing,0.2,none,3,0.151367,0.3205468,False,False,True,0.34
normal,depolarizing,0.2,none,4,0.363281,0.34,True,True,False,0.34
normal,depolarizing,0.2,none,5,0.310547,0.34,True,False,True,0.34
normal,depolarizing,0.2,none,6,0.049805,0.279922,False,False,True,0.34
normal,depolarizing,0.2,none,7,0.349609,0.34,True,True,False,0.34
normal,depolarizing,0.2,none,8,0.047852,0.2791408,False,False,True,0.34
normal,depolarizing,0.2,none,9,0.305664,0.34,True,False,True,0.34
normal,depolarizing,0.2,none,10,0.349609,0.34,True,True,False,0.34
normal,depolarizing,0.2,none,11,0.128906,0.3115624,False,False,True,0.34
normal,depolarizing,0.2,none,12,0.15332,0.321328,False,False,True,0.34
normal,depolarizing,0.2,none,13,0.043945,0.277578,False,False,True,0.34
normal,depolarizing,0.2,none,14,0.3125,0.34,True,False,True,0.34
normal,depolarizing,0.2,none,15,0.148438,0.3193752,False,False,True,0.34
normal,depolarizing,0.2,none,16,0.053711,0.2814844,False,False,True,0.34
normal,depolarizing,0.2,none,17,0.053711,0.2814844,False,False,True,0.34
normal,depolarizing,0.2,none,18,0.313477,0.34,True,False,True,0.34
normal,depolarizing,0.2,none,19,0.321289,0.34,True,False,True,0.34
normal,depolarizing,0.2,none,20,0.30957,0.34,True,False,True,0.34
normal,readout,0.0,none,1,0.0,0.26,False,False,True,0.34
normal,readout,0.0,none,2,0.0,0.26,False,False,True,0.34
normal,readout,0.0,none,3,0.0,0.26,False,False,True,0.34
normal,readout,0.0,none,4,0.0,0.26,False,False,True,0.34
normal,readout,0.0,none,5,0.0,0.26,False,False,True,0.34
normal,readout,0.0,none,6,0.0,0.26,False,False,True,0.34
normal,readout,0.0,none,7,0.0,0.26,False,False,True,0.34
normal,readout,0.0,none,8,0.0,0.26,False,False,True,0.34
normal,readout,0.0,none,9,0.0,0.26,False,False,True,0.34
normal,readout,0.0,none,10,0.0,0.26,False,False,True,0.34
normal,readout,0.0,none,11,0.0,0.26,False,False,True,0.34
normal,readout,0.0,none,12,0.0,0.26,False,False,True,0.34
normal,readout,0.0,none,13,0.0,0.26,False,False,True,0.34
normal,readout,0.0,none,14,0.0,0.26,False,False,True,0.34
normal,readout,0.0,none,15,0.0,0.26,False,False,True,0.34
normal,readout,0.0,none,16,0.0,0.26,False,False,True,0.34
normal,readout,0.0,none,17,0.0,0.26,False,False,True,0.34
normal,readout,0.0,none,18,0.0,0.26,False,False,True,0.34
normal,readout,0.0,none,19,0.0,0.26,False,False,True,0.34
normal,readout,0.0,none,20,0.0,0.26,False,False,True,0.34
normal,readout,0.05,none,1,0.079102,0.29164080000000003,False,False,True,0.34
normal,readout,0.05,none,2,0.095703,0.2982812,False,False,True,0.34
normal,readout,0.05,none,3,0.086914,0.2947656,False,False,True,0.34
normal,readout,0.05,none,4,0.078125,0.29125,False,False,True,0.34
normal,readout,0.05,none,5,0.091797,0.2967188,False,False,True,0.34
normal,readout,0.05,none,6,0.121094,0.3084376,False,False,True,0.34
normal,readout,0.05,none,7,0.086914,0.2947656,False,False,True,0.34
normal,readout,0.05,none,8,0.095703,0.2982812,False,False,True,0.34
normal,readout,0.05,none,9,0.09082,0.29632800000000004,False,False,True,0.34
normal,readout,0.05,none,10,0.09668,0.298672,False,False,True,0.34
normal,readout,0.05,none,11,0.095703,0.2982812,False,False,True,0.34
normal,readout,0.05,none,12,0.099609,0.2998436,False,False,True,0.34
normal,readout,0.05,none,13,0.121094,0.3084376,False,False,True,0.34
normal,readout,0.05,none,14,0.137695,0.315078,False,False,True,0.34
normal,readout,0.05,none,15,0.094727,0.2978908,False,False,True,0.34
normal,readout,0.05,none,16,0.128906,0.3115624,False,False,True,0.34
normal,readout,0.05,none,17,0.081055,0.292422,False,False,True,0.34
normal,readout,0.05,none,18,0.088867,0.2955468,False,False,True,0.34
normal,readout,0.05,none,19,0.133789,0.3135156,False,False,True,0.34
normal,readout,0.05,none,20,0.080078,0.2920312,False,False,True,0.34
normal,readout,0.1,none,1,0.179688,0.33187520000000004,False,False,True,0.34
normal,readout,0.1,none,2,0.189453,0.3357812,False,False,True,0.34
normal,readout,0.1,none,3,0.209961,0.34,True,False,True,0.34
normal,readout,0.1,none,4,0.19043,0.336172,False,False,True,0.34
normal,readout,0.1,none,5,0.19043,0.336172,False,False,True,0.34
normal,readout,0.1,none,6,0.189453,0.3357812,False,False,True,0.34
normal,readout,0.1,none,7,0.171875,0.32875,False,False,True,0.34
normal,readout,0.1,none,8,0.166992,0.3267968,False,False,True,0.34
normal,readout,0.1,none,9,0.188477,0.3353908,False,False,True,0.34
normal,readout,0.1,none,10,0.232422,0.34,True,False,True,0.34
normal,readout,0.1,none,11,0.185547,0.33421880000000004,False,False,True,0.34
normal,readout,0.1,none,12,0.185547,0.33421880000000004,False,False,True,0.34
normal,readout,0.1,none,13,0.234375,0.34,True,False,True,0.34
normal,readout,0.1,none,14,0.25,0.34,True,False,True,0.34
normal,readout,0.1,none,15,0.174805,0.329922,False,False,True,0.34
normal,readout,0.1,none,16,0.251953,0.34,True,False,True,0.34
normal,readout,0.1,none,17,0.173828,0.3295312,False,False,True,0.34
normal,readout,0.1,none,18,0.203125,0.34,True,False,True,0.34
normal,readout,0.1,none,19,0.253906,0.34,True,False,True,0.34
normal,readout,0.1,none,20,0.260742,0.34,True,False,True,0.34
normal,readout,0.15,none,1,0.25,0.34,True,False,True,0.34
normal,readout,0.15,none,2,0.230469,0.34,True,False,True,0.34
normal,readout,0.15,none,3,0.253906,0.34,True,False,True,0.34
normal,readout,0.15,none,4,0.235352,0.34,True,False,True,0.34
normal,readout,0.15,none,5,0.254883,0.34,True,False,True,0.34
normal,readout,0.15,none,6,0.271484,0.34,True,False,True,0.34
normal,readout,0.15,none,7,0.323242,0.34,True,False,True,0.34
normal,readout,0.15,none,8,0.257812,0.34,True,False,True,0.34
normal,readout,0.15,none,9,0.268555,0.34,True,False,True,0.34
normal,readout,0.15,none,10,0.236328,0.34,True,False,True,0.34
normal,readout,0.15,none,11,0.341797,0.34,True,True,False,0.34
normal,readout,0.15,none,12,0.265625,0.34,True,False,True,0.34
normal,readout,0.15,none,13,0.262695,0.34,True,False,True,0.34
normal,readout,0.15,none,14,0.24707,0.34,True,False,True,0.34
normal,readout,0.15,none,15,0.285156,0.34,True,False,True,0.34
normal,readout,0.15,none,16,0.287109,0.34,True,False,True,0.34
normal,readout,0.15,none,17,0.337891,0.34,True,False,True,0.34
normal,readout,0.15,none,18,0.337891,0.34,True,False,True,0.34
normal,readout,0.15,none,19,0.237305,0.34,True,False,True,0.34
normal,readout,0.15,none,20,0.283203,0.34,True,False,True,0.34
normal,readout,0.2,none,1,0.311523,0.34,True,False,True,0.34
normal,readout,0.2,none,2,0.304688,0.34,True,False,True,0.34
normal,readout,0.2,none,3,0.389648,0.34,True,True,False,0.34
normal,readout,0.2,none,4,0.306641,0.34,True,False,True,0.34
normal,readout,0.2,none,5,0.323242,0.34,True,False,True,0.34
normal,readout,0.2,none,6,0.344727,0.34,True,True,False,0.34
normal,readout,0.2,none,7,0.322266,0.34,True,False,True,0.34
normal,readout,0.2,none,8,0.375977,0.34,True,True,False,0.34
normal,readout,0.2,none,9,0.342773,0.34,True,True,False,0.34
normal,readout,0.2,none,10,0.417969,0.34,True,True,False,0.34
normal,readout,0.2,none,11,0.379883,0.34,True,True,False,0.34
normal,readout,0.2,none,12,0.319336,0.34,True,False,True,0.34
normal,readout,0.2,none,13,0.394531,0.34,True,True,False,0.34
normal,readout,0.2,none,14,0.352539,0.34,True,True,False,0.34
normal,readout,0.2,none,15,0.313477,0.34,True,False,True,0.34
normal,readout,0.2,none,16,0.385742,0.34,True,True,False,0.34
normal,readout,0.2,none,17,0.326172,0.34,True,False,True,0.34
normal,readout,0.2,none,18,0.330078,0.34,True,False,True,0.34
normal,readout,0.2,none,19,0.317383,0.34,True,False,True,0.34
normal,readout,0.2,none,20,0.326172,0.34,True,False,True,0.34
attack,bit_flip,0.1,pauli_x,1,0.697266,0.34,True,True,True,0.34
attack,bit_flip,0.1,pauli_x,2,0.730469,0.34,True,True,True,0.34
attack,bit_flip,0.1,pauli_x,3,0.763672,0.34,True,True,True,0.34
attack,bit_flip,0.1,pauli_x,4,0.855469,0.34,True,True,True,0.34
attack,bit_flip,0.1,pauli_x,5,0.183594,0.3334376,False,False,False,0.34
attack,bit_flip,0.1,pauli_x,6,0.874023,0.34,True,True,True,0.34
attack,bit_flip,0.1,pauli_x,7,0.248047,0.34,True,False,False,0.34
attack,bit_flip,0.1,pauli_x,8,0.699219,0.34,True,True,True,0.34
attack,bit_flip,0.1,pauli_x,9,0.775391,0.34,True,True,True,0.34
attack,bit_flip,0.1,pauli_x,10,0.861328,0.34,True,True,True,0.34
attack,bit_flip,0.1,pauli_x,11,0.764648,0.34,True,True,True,0.34
attack,bit_flip,0.1,pauli_x,12,0.725586,0.34,True,True,True,0.34
attack,bit_flip,0.1,pauli_x,13,0.731445,0.34,True,True,True,0.34
attack,bit_flip,0.1,pauli_x,14,0.68457,0.34,True,True,True,0.34
attack,bit_flip,0.1,pauli_x,15,0.268555,0.34,True,False,False,0.34
attack,bit_flip,0.1,pauli_x,16,0.672852,0.34,True,True,True,0.34
attack,bit_flip,0.1,pauli_x,17,0.25,0.34,True,False,False,0.34
attack,bit_flip,0.1,pauli_x,18,0.862305,0.34,True,True,True,0.34
attack,bit_flip,0.1,pauli_x,19,0.166016,0.3264064,False,False,False,0.34
attack,bit_flip,0.1,pauli_x,20,0.858398,0.34,True,True,True,0.34
attack,bit_flip,0.1,pauli_y,1,0.273438,0.34,True,False,False,0.34
attack,bit_flip,0.1,pauli_y,2,0.207031,0.34,True,False,False,0.34
attack,bit_flip,0.1,pauli_y,3,0.878906,0.34,True,True,True,0.34
attack,bit_flip,0.1,pauli_y,4,0.813477,0.34,True,True,True,0.34
attack,bit_flip,0.1,pauli_y,5,0.21875,0.34,True,False,False,0.34
attack,bit_flip,0.1,pauli_y,6,0.260742,0.34,True,False,False,0.34
attack,bit_flip,0.1,pauli_y,7,0.959961,0.34,True,True,True,0.34
attack,bit_flip,0.1,pauli_y,8,0.194336,0.3377344,False,False,False,0.34
attack,bit_flip,0.1,pauli_y,9,0.212891,0.34,True,False,False,0.34
attack,bit_flip,0.1,pauli_y,10,0.753906,0.34,True,True,True,0.34
attack,bit_flip,0.1,pauli_y,11,0.229492,0.34,True,False,False,0.34
attack,bit_flip,0.1,pauli_y,12,0.273438,0.34,True,False,False,0.34
attack,bit_flip,0.1,pauli_y,13,0.209961,0.34,True,False,False,0.34
attack,bit_flip,0.1,pauli_y,14,0.951172,0.34,True,True,True,0.34
attack,bit_flip,0.1,pauli_y,15,0.764648,0.34,True,True,True,0.34
attack,bit_flip,0.1,pauli_y,16,0.870117,0.34,True,True,True,0.34
attack,bit_flip,0.1,pauli_y,17,0.755859,0.34,True,True,True,0.34
attack,bit_flip,0.1,pauli_y,18,0.850586,0.34,True,True,True,0.34
attack,bit_flip,0.1,pauli_y,19,0.202148,0.34,True,False,False,0.34
attack,bit_flip,0.1,pauli_y,20,0.766602,0.34,True,True,True,0.34
attack,bit_flip,0.1,pauli_z,1,0.825195,0.34,True,True,True,0.34
attack,bit_flip,0.1,pauli_z,2,0.144531,0.3178124,False,False,False,0.34
attack,bit_flip,0.1,pauli_z,3,0.826172,0.34,True,True,True,0.34
attack,bit_flip,0.1,pauli_z,4,0.043945,0.277578,False,False,False,0.34
attack,bit_flip,0.1,pauli_z,5,0.793945,0.34,True,True,True,0.34
attack,bit_flip,0.1,pauli_z,6,0.699219,0.34,True,True,True,0.34
attack,bit_flip,0.1,pauli_z,7,0.80957,0.34,True,True,True,0.34
attack,bit_flip,0.1,pauli_z,8,0.758789,0.34,True,True,True,0.34
attack,bit_flip,0.1,pauli_z,9,0.147461,0.3189844,False,False,False,0.34
attack,bit_flip,0.1,pauli_z,10,0.753906,0.34,True,True,True,0.34
attack,bit_flip,0.1,pauli_z,11,0.771484,0.34,True,True,True,0.34
attack,bit_flip,0.1,pauli_z,12,0.75,0.34,True,True,True,0.34
attack,bit_flip,0.1,pauli_z,13,0.044922,0.2779688,False,False,False,0.34
attack,bit_flip,0.1,pauli_z,14,0.824219,0.34,True,True,True,0.34
attack,bit_flip,0.1,pauli_z,15,0.12207,0.308828,False,False,False,0.34
attack,bit_flip,0.1,pauli_z,16,0.055664,0.2822656,False,False,False,0.34
attack,bit_flip,0.1,pauli_z,17,0.768555,0.34,True,True,True,0.34
attack,bit_flip,0.1,pauli_z,18,0.807617,0.34,True,True,True,0.34
attack,bit_flip,0.1,pauli_z,19,0.816406,0.34,True,True,True,0.34
attack,bit_flip,0.1,pauli_z,20,0.786133,0.34,True,True,True,0.34
attack,bit_flip,0.1,entanglement_disruption,1,0.505859,0.34,True,True,True,0.34
attack,bit_flip,0.1,entanglement_disruption,2,0.314453,0.34,True,False,False,0.34
attack,bit_flip,0.1,entanglement_disruption,3,0.481445,0.34,True,True,True,0.34
attack,bit_flip,0.1,entanglement_disruption,4,0.503906,0.34,True,True,True,0.34
attack,bit_flip,0.1,entanglement_disruption,5,0.300781,0.34,True,False,False,0.34
attack,bit_flip,0.1,entanglement_disruption,6,0.517578,0.34,True,True,True,0.34
attack,bit_flip,0.1,entanglement_disruption,7,0.499023,0.34,True,True,True,0.34
attack,bit_flip,0.1,entanglement_disruption,8,0.376953,0.34,True,True,True,0.34
attack,bit_flip,0.1,entanglement_disruption,9,0.299805,0.34,True,False,False,0.34
attack,bit_flip,0.1,entanglement_disruption,10,0.516602,0.34,True,True,True,0.34
attack,bit_flip,0.1,entanglement_disruption,11,0.50293,0.34,True,True,True,0.34
attack,bit_flip,0.1,entanglement_disruption,12,0.494141,0.34,True,True,True,0.34
attack,bit_flip,0.1,entanglement_disruption,13,0.318359,0.34,True,False,False,0.34
attack,bit_flip,0.1,entanglement_disruption,14,0.506836,0.34,True,True,True,0.34
attack,bit_flip,0.1,entanglement_disruption,15,0.355469,0.34,True,True,True,0.34
attack,bit_flip,0.1,entanglement_disruption,16,0.319336,0.34,True,False,False,0.34
attack,bit_flip,0.1,entanglement_disruption,17,0.499023,0.34,True,True,True,0.34
attack,bit_flip,0.1,entanglement_disruption,18,0.517578,0.34,True,True,True,0.34
attack,bit_flip,0.1,entanglement_disruption,19,0.472656,0.34,True,True,True,0.34
attack,bit_flip,0.1,entanglement_disruption,20,0.507812,0.34,True,True,True,0.34
attack,phase_flip,0.1,pauli_x,1,0.290039,0.34,True,False,False,0.34
attack,phase_flip,0.1,pauli_x,2,0.710938,0.34,True,True,True,0.34
attack,phase_flip,0.1,pauli_x,3,0.725586,0.34,True,True,True,0.34
attack,phase_flip,0.1,pauli_x,4,0.273438,0.34,True,False,False,0.34
attack,phase_flip,0.1,pauli_x,5,0.260742,0.34,True,False,False,0.34
attack,phase_flip,0.1,pauli_x,6,0.727539,0.34,True,True,True,0.34
attack,phase_flip,0.1,pauli_x,7,0.724609,0.34,True,True,True,0.34
attack,phase_flip,0.1,pauli_x,8,0.712891,0.34,True,True,True,0.34
attack,phase_flip,0.1,pauli_x,9,0.748047,0.34,True,True,True,0.34
attack,phase_flip,0.1,pauli_x,10,0.744141,0.34,True,True,True,0.34
attack,phase_flip,0.1,pauli_x,11,0.725586,0.34,True,True,True,0.34
attack,phase_flip,0.1,pauli_x,12,1.0,0.34,True,True,True,0.34
attack,phase_flip,0.1,pauli_x,13,0.245117,0.34,True,False,False,0.34
attack,phase_flip,0.1,pauli_x,14,0.737305,0.34,True,True,True,0.34
attack,phase_flip,0.1,pauli_x,15,1.0,0.34,True,True,True,0.34
attack,phase_flip,0.1,pauli_x,16,0.279297,0.34,True,False,False,0.34
attack,phase_flip,0.1,pauli_x,17,0.282227,0.34,True,False,False,0.34
attack,phase_flip,0.1,pauli_x,18,0.261719,0.34,True,False,False,0.34
attack,phase_flip,0.1,pauli_x,19,1.0,0.34,True,True,True,0.34
attack,phase_flip,0.1,pauli_x,20,0.268555,0.34,True,False,False,0.34
attack,phase_flip,0.1,pauli_y,1,1.0,0.34,True,True,True,0.34
attack,phase_flip,0.1,pauli_y,2,1.0,0.34,True,True,True,0.34
attack,phase_flip,0.1,pauli_y,3,1.0,0.34,True,True,True,0.34
attack,phase_flip,0.1,pauli_y,4,1.0,0.34,True,True,True,0.34
attack,phase_flip,0.1,pauli_y,5,0.207031,0.34,True,False,False,0.34
attack,phase_flip,0.1,pauli_y,6,0.773438,0.34,True,True,True,0.34
attack,phase_flip,0.1,pauli_y,7,1.0,0.34,True,True,True,0.34
attack,phase_flip,0.1,pauli_y,8,0.228516,0.34,True,False,False,0.34
attack,phase_flip,0.1,pauli_y,9,0.777344,0.34,True,True,True,0.34
attack,phase_flip,0.1,pauli_y,10,1.0,0.34,True,True,True,0.34
attack,phase_flip,0.1,pauli_y,11,0.788086,0.34,True,True,True,0.34
attack,phase_flip,0.1,pauli_y,12,1.0,0.34,True,True,True,0.34
attack,phase_flip,0.1,pauli_y,13,0.192383,0.3369532,False,False,False,0.34
attack,phase_flip,0.1,pauli_y,14,0.763672,0.34,True,True,True,0.34
attack,phase_flip,0.1,pauli_y,15,1.0,0.34,True,True,True,0.34
attack,phase_flip,0.1,pauli_y,16,0.226562,0.34,True,False,False,0.34
attack,phase_flip,0.1,pauli_y,17,1.0,0.34,True,True,True,0.34
attack,phase_flip,0.1,pauli_y,18,0.229492,0.34,True,False,False,0.34
attack,phase_flip,0.1,pauli_y,19,0.801758,0.34,True,True,True,0.34
attack,phase_flip,0.1,pauli_y,20,0.21875,0.34,True,False,False,0.34
attack,phase_flip,0.1,pauli_z,1,0.801758,0.34,True,True,True,0.34
attack,phase_flip,0.1,pauli_z,2,0.797852,0.34,True,True,True,0.34
attack,phase_flip,0.1,pauli_z,3,0.0,0.26,False,False,False,0.34
attack,phase_flip,0.1,pauli_z,4,0.799805,0.34,True,True,True,0.34
attack,phase_flip,0.1,pauli_z,5,0.787109,0.34,True,True,True,0.34
attack,phase_flip,0.1,pauli_z,6,0.0,0.26,False,False,False,0.34
attack,phase_flip,0.1,pauli_z,7,0.764648,0.34,True,True,True,0.34
attack,phase_flip,0.1,pauli_z,8,0.0,0.26,False,False,False,0.34
attack,phase_flip,0.1,pauli_z,9,0.0,0.26,False,False,False,0.34
attack,phase_flip,0.1,pauli_z,10,0.0,0.26,False,False,False,0.34
attack,phase_flip,0.1,pauli_z,11,0.0,0.26,False,False,False,0.34
attack,phase_flip,0.1,pauli_z,12,0.0,0.26,False,False,False,0.34
attack,phase_flip,0.1,pauli_z,13,0.0,0.26,False,False,False,0.34
attack,phase_flip,0.1,pauli_z,14,0.825195,0.34,True,True,True,0.34
attack,phase_flip,0.1,pauli_z,15,0.797852,0.34,True,True,True,0.34
attack,phase_flip,0.1,pauli_z,16,0.0,0.26,False,False,False,0.34
attack,phase_flip,0.1,pauli_z,17,0.0,0.26,False,False,False,0.34
attack,phase_flip,0.1,pauli_z,18,0.0,0.26,False,False,False,0.34
attack,phase_flip,0.1,pauli_z,19,0.800781,0.34,True,True,True,0.34
attack,phase_flip,0.1,pauli_z,20,0.798828,0.34,True,True,True,0.34
attack,phase_flip,0.1,entanglement_disruption,1,0.291016,0.34,True,False,False,0.34
attack,phase_flip,0.1,entanglement_disruption,2,0.505859,0.34,True,True,True,0.34
attack,phase_flip,0.1,entanglement_disruption,3,0.507812,0.34,True,True,True,0.34
attack,phase_flip,0.1,entanglement_disruption,4,0.318359,0.34,True,False,False,0.34
attack,phase_flip,0.1,entanglement_disruption,5,0.495117,0.34,True,True,True,0.34
attack,phase_flip,0.1,entanglement_disruption,6,0.479492,0.34,True,True,True,0.34
attack,phase_flip,0.1,entanglement_disruption,7,0.325195,0.34,True,False,False,0.34
attack,phase_flip,0.1,entanglement_disruption,8,0.31543,0.34,True,False,False,0.34
attack,phase_flip,0.1,entanglement_disruption,9,0.486328,0.34,True,True,True,0.34
attack,phase_flip,0.1,entanglement_disruption,10,0.305664,0.34,True,False,False,0.34
attack,phase_flip,0.1,entanglement_disruption,11,0.520508,0.34,True,True,True,0.34
attack,phase_flip,0.1,entanglement_disruption,12,0.507812,0.34,True,True,True,0.34
attack,phase_flip,0.1,entanglement_disruption,13,0.321289,0.34,True,False,False,0.34
attack,phase_flip,0.1,entanglement_disruption,14,0.334961,0.34,True,False,False,0.34
attack,phase_flip,0.1,entanglement_disruption,15,0.292969,0.34,True,False,False,0.34
attack,phase_flip,0.1,entanglement_disruption,16,0.492188,0.34,True,True,True,0.34
attack,phase_flip,0.1,entanglement_disruption,17,0.333984,0.34,True,False,False,0.34
attack,phase_flip,0.1,entanglement_disruption,18,0.511719,0.34,True,True,True,0.34
attack,phase_flip,0.1,entanglement_disruption,19,0.479492,0.34,True,True,True,0.34
attack,phase_flip,0.1,entanglement_disruption,20,0.49707,0.34,True,True,True,0.34
attack,bit_phase_flip,0.1,pauli_x,1,0.689453,0.34,True,True,True,0.34
attack,bit_phase_flip,0.1,pauli_x,2,0.374023,0.34,True,True,True,0.34
attack,bit_phase_flip,0.1,pauli_x,3,0.719727,0.34,True,True,True,0.34
attack,bit_phase_flip,0.1,pauli_x,4,0.368164,0.34,True,True,True,0.34
attack,bit_phase_flip,0.1,pauli_x,5,0.797852,0.34,True,True,True,0.34
attack,bit_phase_flip,0.1,pauli_x,6,0.857422,0.34,True,True,True,0.34
attack,bit_phase_flip,0.1,pauli_x,7,0.65918,0.34,True,True,True,0.34
attack,bit_phase_flip,0.1,pauli_x,8,0.662109,0.34,True,True,True,0.34
attack,bit_phase_flip,0.1,pauli_x,9,0.641602,0.34,True,True,True,0.34
attack,bit_phase_flip,0.1,pauli_x,10,0.351562,0.34,True,True,True,0.34
attack,bit_phase_flip,0.1,pauli_x,11,0.365234,0.34,True,True,True,0.34
attack,bit_phase_flip,0.1,pauli_x,12,0.77832,0.34,True,True,True,0.34
attack,bit_phase_flip,0.1,pauli_x,13,0.697266,0.34,True,True,True,0.34
attack,bit_phase_flip,0.1,pauli_x,14,0.857422,0.34,True,True,True,0.34
attack,bit_phase_flip,0.1,pauli_x,15,0.649414,0.34,True,True,True,0.34
attack,bit_phase_flip,0.1,pauli_x,16,0.783203,0.34,True,True,True,0.34
attack,bit_phase_flip,0.1,pauli_x,17,0.77832,0.34,True,True,True,0.34
attack,bit_phase_flip,0.1,pauli_x,18,0.831055,0.34,True,True,True,0.34
attack,bit_phase_flip,0.1,pauli_x,19,0.358398,0.34,True,True,True,0.34
attack,bit_phase_flip,0.1,pauli_x,20,0.698242,0.34,True,True,True,0.34
attack,bit_phase_flip,0.1,pauli_y,1,0.352539,0.34,True,True,True,0.34
attack,bit_phase_flip,0.1,pauli_y,2,0.671875,0.34,True,True,True,0.34
attack,bit_phase_flip,0.1,pauli_y,3,0.666992,0.34,True,True,True,0.34
attack,bit_phase_flip,0.1,pauli_y,4,0.336914,0.34,True,False,False,0.34
attack,bit_phase_flip,0.1,pauli_y,5,0.337891,0.34,True,False,False,0.34
attack,bit_phase_flip,0.1,pauli_y,6,0.350586,0.34,True,True,True,0.34
attack,bit_phase_flip,0.1,pauli_y,7,0.678711,0.34,True,True,True,0.34
attack,bit_phase_flip,0.1,pauli_y,8,0.311523,0.34,True,False,False,0.34
attack,bit_phase_flip,0.1,pauli_y,9,0.298828,0.34,True,False,False,0.34
attack,bit_phase_flip,0.1,pauli_y,10,0.879883,0.34,True,True,True,0.34
attack,bit_phase_flip,0.1,pauli_y,11,0.851562,0.34,True,True,True,0.34
attack,bit_phase_flip,0.1,pauli_y,12,0.951172,0.34,True,True,True,0.34
attack,bit_phase_flip,0.1,pauli_y,13,0.944336,0.34,True,True,True,0.34
attack,bit_phase_flip,0.1,pauli_y,14,0.297852,0.34,True,False,False,0.34
attack,bit_phase_flip,0.1,pauli_y,15,0.674805,0.34,True,True,True,0.34
attack,bit_phase_flip,0.1,pauli_y,16,0.951172,0.34,True,True,True,0.34
attack,bit_phase_flip,0.1,pauli_y,17,0.299805,0.34,True,False,False,0.34
attack,bit_phase_flip,0.1,pauli_y,18,0.294922,0.34,True,False,False,0.34
attack,bit_phase_flip,0.1,pauli_y,19,0.641602,0.34,True,True,True,0.34
attack,bit_phase_flip,0.1,pauli_y,20,0.3125,0.34,True,False,False,0.34
attack,bit_phase_flip,0.1,pauli_z,1,0.670898,0.34,True,True,True,0.34
attack,bit_phase_flip,0.1,pauli_z,2,0.713867,0.34,True,True,True,0.34
attack,bit_phase_flip,0.1,pauli_z,3,0.646484,0.34,True,True,True,0.34
attack,bit_phase_flip,0.1,pauli_z,4,0.698242,0.34,True,True,True,0.34
attack,bit_phase_flip,0.1,pauli_z,5,0.658203,0.34,True,True,True,0.34
attack,bit_phase_flip,0.1,pauli_z,6,0.051758,0.2807032,False,False,False,0.34
attack,bit_phase_flip,0.1,pauli_z,7,0.666992,0.34,True,True,True,0.34
attack,bit_phase_flip,0.1,pauli_z,8,0.124023,0.30960920000000003,False,False,False,0.34
attack,bit_phase_flip,0.1,pauli_z,9,0.706055,0.34,True,True,True,0.34
attack,bit_phase_flip,0.1,pauli_z,10,0.677734,0.34,True,True,True,0.34
attack,bit_phase_flip,0.1,pauli_z,11,0.679688,0.34,True,True,True,0.34
attack,bit_phase_flip,0.1,pauli_z,12,0.647461,0.34,True,True,True,0.34
attack,bit_phase_flip,0.1,pauli_z,13,0.041016,0.2764064,False,False,False,0.34
attack,bit_phase_flip,0.1,pauli_z,14,0.620117,0.34,True,True,True,0.34
attack,bit_phase_flip,0.1,pauli_z,15,0.652344,0.34,True,True,True,0.34
attack,bit_phase_flip,0.1,pauli_z,16,0.682617,0.34,True,True,True,0.34
attack,bit_phase_flip,0.1,pauli_z,17,0.054688,0.2818752,False,False,False,0.34
attack,bit_phase_flip,0.1,pauli_z,18,0.131836,0.3127344,False,False,False,0.34
attack,bit_phase_flip,0.1,pauli_z,19,0.696289,0.34,True,True,True,0.34
attack,bit_phase_flip,0.1,pauli_z,20,0.137695,0.315078,False,False,False,0.34
attack,bit_phase_flip,0.1,entanglement_disruption,1,0.307617,0.34,True,False,False,0.34
attack,bit_phase_flip,0.1,entanglement_disruption,2,0.500977,0.34,True,True,True,0.34
attack,bit_phase_flip,0.1,entanglement_disruption,3,0.486328,0.34,True,True,True,0.34
attack,bit_phase_flip,0.1,entanglement_disruption,4,0.513672,0.34,True,True,True,0.34
attack,bit_phase_flip,0.1,entanglement_disruption,5,0.506836,0.34,True,True,True,0.34
attack,bit_phase_flip,0.1,entanglement_disruption,6,0.318359,0.34,True,False,False,0.34
attack,bit_phase_flip,0.1,entanglement_disruption,7,0.333984,0.34,True,False,False,0.34
attack,bit_phase_flip,0.1,entanglement_disruption,8,0.521484,0.34,True,True,True,0.34
attack,bit_phase_flip,0.1,entanglement_disruption,9,0.311523,0.34,True,False,False,0.34
attack,bit_phase_flip,0.1,entanglement_disruption,10,0.513672,0.34,True,True,True,0.34
attack,bit_phase_flip,0.1,entanglement_disruption,11,0.287109,0.34,True,False,False,0.34
attack,bit_phase_flip,0.1,entanglement_disruption,12,0.280273,0.34,True,False,False,0.34
attack,bit_phase_flip,0.1,entanglement_disruption,13,0.525391,0.34,True,True,True,0.34
attack,bit_phase_flip,0.1,entanglement_disruption,14,0.316406,0.34,True,False,False,0.34
attack,bit_phase_flip,0.1,entanglement_disruption,15,0.473633,0.34,True,True,True,0.34
attack,bit_phase_flip,0.1,entanglement_disruption,16,0.506836,0.34,True,True,True,0.34
attack,bit_phase_flip,0.1,entanglement_disruption,17,0.300781,0.34,True,False,False,0.34
attack,bit_phase_flip,0.1,entanglement_disruption,18,0.50293,0.34,True,True,True,0.34
attack,bit_phase_flip,0.1,entanglement_disruption,19,0.499023,0.34,True,True,True,0.34
attack,bit_phase_flip,0.1,entanglement_disruption,20,0.514648,0.34,True,True,True,0.34
attack,depolarizing,0.1,pauli_x,1,0.759766,0.34,True,True,True,0.34
attack,depolarizing,0.1,pauli_x,2,0.929688,0.34,True,True,True,0.34
attack,depolarizing,0.1,pauli_x,3,0.748047,0.34,True,True,True,0.34
attack,depolarizing,0.1,pauli_x,4,0.755859,0.34,True,True,True,0.34
attack,depolarizing,0.1,pauli_x,5,0.900391,0.34,True,True,True,0.34
attack,depolarizing,0.1,pauli_x,6,0.223633,0.34,True,False,False,0.34
attack,depolarizing,0.1,pauli_x,7,0.75293,0.34,True,True,True,0.34
attack,depolarizing,0.1,pauli_x,8,0.947266,0.34,True,True,True,0.34
attack,depolarizing,0.1,pauli_x,9,0.77832,0.34,True,True,True,0.34
attack,depolarizing,0.1,pauli_x,10,0.254883,0.34,True,False,False,0.34
attack,depolarizing,0.1,pauli_x,11,0.265625,0.34,True,False,False,0.34
attack,depolarizing,0.1,pauli_x,12,0.887695,0.34,True,True,True,0.34
attack,depolarizing,0.1,pauli_x,13,0.768555,0.34,True,True,True,0.34
attack,depolarizing,0.1,pauli_x,14,0.918945,0.34,True,True,True,0.34
attack,depolarizing,0.1,pauli_x,15,0.926758,0.34,True,True,True,0.34
attack,depolarizing,0.1,pauli_x,16,0.244141,0.34,True,False,False,0.34
attack,depolarizing,0.1,pauli_x,17,0.265625,0.34,True,False,False,0.34
attack,depolarizing,0.1,pauli_x,18,0.251953,0.34,True,False,False,0.34
attack,depolarizing,0.1,pauli_x,19,0.265625,0.34,True,False,False,0.34
attack,depolarizing,0.1,pauli_x,20,0.75293,0.34,True,True,True,0.34
attack,depolarizing,0.1,pauli_y,1,0.974609,0.34,True,True,True,0.34
attack,depolarizing,0.1,pauli_y,2,0.922852,0.34,True,True,True,0.34
attack,depolarizing,0.1,pauli_y,3,0.964844,0.34,True,True,True,0.34
attack,depolarizing,0.1,pauli_y,4,0.776367,0.34,True,True,True,0.34
attack,depolarizing,0.1,pauli_y,5,0.199219,0.33968760000000003,False,False,False,0.34
attack,depolarizing,0.1,pauli_y,6,0.818359,0.34,True,True,True,0.34
attack,depolarizing,0.1,pauli_y,7,0.8125,0.34,True,True,True,0.34
attack,depolarizing,0.1,pauli_y,8,0.750977,0.34,True,True,True,0.34
attack,depolarizing,0.1,pauli_y,9,0.924805,0.34,True,True,True,0.34
attack,depolarizing,0.1,pauli_y,10,0.794922,0.34,True,True,True,0.34
attack,depolarizing,0.1,pauli_y,11,0.820312,0.34,True,True,True,0.34
attack,depolarizing,0.1,pauli_y,12,0.910156,0.34,True,True,True,0.34
attack,depolarizing,0.1,pauli_y,13,0.237305,0.34,True,False,False,0.34
attack,depolarizing,0.1,pauli_y,14,0.264648,0.34,True,False,False,0.34
attack,depolarizing,0.1,pauli_y,15,0.273438,0.34,True,False,False,0.34
attack,depolarizing,0.1,pauli_y,16,0.973633,0.34,True,True,True,0.34
attack,depolarizing,0.1,pauli_y,17,0.797852,0.34,True,True,True,0.34
attack,depolarizing,0.1,pauli_y,18,0.793945,0.34,True,True,True,0.34
attack,depolarizing,0.1,pauli_y,19,0.807617,0.34,True,True,True,0.34
attack,depolarizing,0.1,pauli_y,20,0.920898,0.34,True,True,True,0.34
attack,depolarizing,0.1,pauli_z,1,0.06543,0.286172,False,False,False,0.34
attack,depolarizing,0.1,pauli_z,2,0.756836,0.34,True,True,True,0.34
attack,depolarizing,0.1,pauli_z,3,0.030273,0.2721092,False,False,False,0.34
attack,depolarizing,0.1,pauli_z,4,0.067383,0.2869532,False,False,False,0.34
attack,depolarizing,0.1,pauli_z,5,0.066406,0.2865624,False,False,False,0.34
attack,depolarizing,0.1,pauli_z,6,0.780273,0.34,True,True,True,0.34
attack,depolarizing,0.1,pauli_z,7,0.070312,0.2881248,False,False,False,0.34
attack,depolarizing,0.1,pauli_z,8,0.075195,0.290078,False,False,False,0.34
attack,depolarizing,0.1,pauli_z,9,0.021484,0.2685936,False,False,False,0.34
attack,depolarizing,0.1,pauli_z,10,0.811523,0.34,True,True,True,0.34
attack,depolarizing,0.1,pauli_z,11,0.789062,0.34,True,True,True,0.34
attack,depolarizing,0.1,pauli_z,12,0.770508,0.34,True,True,True,0.34
attack,depolarizing,0.1,pauli_z,13,0.816406,0.34,True,True,True,0.34
attack,depolarizing,0.1,pauli_z,14,0.083008,0.2932032,False,False,False,0.34
attack,depolarizing,0.1,pauli_z,15,0.797852,0.34,True,True,True,0.34
attack,depolarizing,0.1,pauli_z,16,0.02832,0.271328,False,False,False,0.34
attack,depolarizing,0.1,pauli_z,17,0.785156,0.34,True,True,True,0.34
attack,depolarizing,0.1,pauli_z,18,0.826172,0.34,True,True,True,0.34
attack,depolarizing,0.1,pauli_z,19,0.776367,0.34,True,True,True,0.34
attack,depolarizing,0.1,pauli_z,20,0.081055,0.292422,False,False,False,0.34
attack,depolarizing,0.1,entanglement_disruption,1,0.5,0.34,True,True,True,0.34
attack,depolarizing,0.1,entanglement_disruption,2,0.507812,0.34,True,True,True,0.34
attack,depolarizing,0.1,entanglement_disruption,3,0.490234,0.34,True,True,True,0.34
attack,depolarizing,0.1,entanglement_disruption,4,0.476562,0.34,True,True,True,0.34
attack,depolarizing,0.1,entanglement_disruption,5,0.499023,0.34,True,True,True,0.34
attack,depolarizing,0.1,entanglement_disruption,6,0.490234,0.34,True,True,True,0.34
attack,depolarizing,0.1,entanglement_disruption,7,0.511719,0.34,True,True,True,0.34
attack,depolarizing,0.1,entanglement_disruption,8,0.53418,0.34,True,True,True,0.34
attack,depolarizing,0.1,entanglement_disruption,9,0.28418,0.34,True,False,False,0.34
attack,depolarizing,0.1,entanglement_disruption,10,0.493164,0.34,True,True,True,0.34
attack,depolarizing,0.1,entanglement_disruption,11,0.480469,0.34,True,True,True,0.34
attack,depolarizing,0.1,entanglement_disruption,12,0.501953,0.34,True,True,True,0.34
attack,depolarizing,0.1,entanglement_disruption,13,0.495117,0.34,True,True,True,0.34
attack,depolarizing,0.1,entanglement_disruption,14,0.266602,0.34,True,False,False,0.34
attack,depolarizing,0.1,entanglement_disruption,15,0.470703,0.34,True,True,True,0.34
attack,depolarizing,0.1,entanglement_disruption,16,0.513672,0.34,True,True,True,0.34
attack,depolarizing,0.1,entanglement_disruption,17,0.506836,0.34,True,True,True,0.34
attack,depolarizing,0.1,entanglement_disruption,18,0.265625,0.34,True,False,False,0.34
attack,depolarizing,0.1,entanglement_disruption,19,0.274414,0.34,True,False,False,0.34
attack,depolarizing,0.1,entanglement_disruption,20,0.280273,0.34,True,False,False,0.34
attack,readout,0.1,pauli_x,1,0.1875,0.335,False,False,False,0.34
attack,readout,0.1,pauli_x,2,0.807617,0.34,True,True,True,0.34
attack,readout,0.1,pauli_x,3,0.769531,0.34,True,True,True,0.34
attack,readout,0.1,pauli_x,4,0.753906,0.34,True,True,True,0.34
attack,readout,0.1,pauli_x,5,0.816406,0.34,True,True,True,0.34
attack,readout,0.1,pauli_x,6,0.760742,0.34,True,True,True,0.34
attack,readout,0.1,pauli_x,7,0.84082,0.34,True,True,True,0.34
attack,readout,0.1,pauli_x,8,0.164062,0.32562480000000005,False,False,False,0.34
attack,readout,0.1,pauli_x,9,0.152344,0.32093760000000005,False,False,False,0.34
attack,readout,0.1,pauli_x,10,0.174805,0.329922,False,False,False,0.34
attack,readout,0.1,pauli_x,11,0.770508,0.34,True,True,True,0.34
attack,readout,0.1,pauli_x,12,0.762695,0.34,True,True,True,0.34
attack,readout,0.1,pauli_x,13,0.161133,0.3244532,False,False,False,0.34
attack,readout,0.1,pauli_x,14,0.740234,0.34,True,True,True,0.34
attack,readout,0.1,pauli_x,15,0.787109,0.34,True,True,True,0.34
attack,readout,0.1,pauli_x,16,0.755859,0.34,True,True,True,0.34
attack,readout,0.1,pauli_x,17,0.769531,0.34,True,True,True,0.34
attack,readout,0.1,pauli_x,18,0.822266,0.34,True,True,True,0.34
attack,readout,0.1,pauli_x,19,0.172852,0.3291408,False,False,False,0.34
attack,readout,0.1,pauli_x,20,0.745117,0.34,True,True,True,0.34
attack,readout,0.1,pauli_y,1,0.811523,0.34,True,True,True,0.34
attack,readout,0.1,pauli_y,2,0.814453,0.34,True,True,True,0.34
attack,readout,0.1,pauli_y,3,0.255859,0.34,True,False,False,0.34
attack,readout,0.1,pauli_y,4,0.822266,0.34,True,True,True,0.34
attack,readout,0.1,pauli_y,5,0.249023,0.34,True,False,False,0.34
attack,readout,0.1,pauli_y,6,0.826172,0.34,True,True,True,0.34
attack,readout,0.1,pauli_y,7,0.800781,0.34,True,True,True,0.34
attack,readout,0.1,pauli_y,8,0.817383,0.34,True,True,True,0.34
attack,readout,0.1,pauli_y,9,0.226562,0.34,True,False,False,0.34
attack,readout,0.1,pauli_y,10,0.237305,0.34,True,False,False,0.34
attack,readout,0.1,pauli_y,11,0.265625,0.34,True,False,False,0.34
attack,readout,0.1,pauli_y,12,0.242188,0.34,True,False,False,0.34
attack,readout,0.1,pauli_y,13,0.808594,0.34,True,True,True,0.34
attack,readout,0.1,pauli_y,14,0.818359,0.34,True,True,True,0.34
attack,readout,0.1,pauli_y,15,0.833984,0.34,True,True,True,0.34
attack,readout,0.1,pauli_y,16,0.803711,0.34,True,True,True,0.34
attack,readout,0.1,pauli_y,17,0.790039,0.34,True,True,True,0.34
attack,readout,0.1,pauli_y,18,0.813477,0.34,True,True,True,0.34
attack,readout,0.1,pauli_y,19,0.249023,0.34,True,False,False,0.34
attack,readout,0.1,pauli_y,20,0.222656,0.34,True,False,False,0.34
attack,readout,0.1,pauli_z,1,0.753906,0.34,True,True,True,0.34
attack,readout,0.1,pauli_z,2,0.178711,0.3314844,False,False,False,0.34
attack,readout,0.1,pauli_z,3,0.188477,0.3353908,False,False,False,0.34
attack,readout,0.1,pauli_z,4,0.163086,0.32523440000000003,False,False,False,0.34
attack,readout,0.1,pauli_z,5,0.765625,0.34,True,True,True,0.34
attack,readout,0.1,pauli_z,6,0.819336,0.34,True,True,True,0.34
attack,readout,0.1,pauli_z,7,0.176758,0.33070320000000003,False,False,False,0.34
attack,readout,0.1,pauli_z,8,0.175781,0.3303124,False,False,False,0.34
attack,readout,0.1,pauli_z,9,0.195312,0.3381248,False,False,False,0.34
attack,readout,0.1,pauli_z,10,0.211914,0.34,True,False,False,0.34
attack,readout,0.1,pauli_z,11,0.202148,0.34,True,False,False,0.34
attack,readout,0.1,pauli_z,12,0.761719,0.34,True,True,True,0.34
attack,readout,0.1,pauli_z,13,0.188477,0.3353908,False,False,False,0.34
attack,readout,0.1,pauli_z,14,0.755859,0.34,True,True,True,0.34
attack,readout,0.1,pauli_z,15,0.805664,0.34,True,True,True,0.34
attack,readout,0.1,pauli_z,16,0.754883,0.34,True,True,True,0.34
attack,readout,0.1,pauli_z,17,0.8125,0.34,True,True,True,0.34
attack,readout,0.1,pauli_z,18,0.817383,0.34,True,True,True,0.34
attack,readout,0.1,pauli_z,19,0.172852,0.3291408,False,False,False,0.34
attack,readout,0.1,pauli_z,20,0.750977,0.34,True,True,True,0.34
attack,readout,0.1,entanglement_disruption,1,0.5,0.34,True,True,True,0.34
attack,readout,0.1,entanglement_disruption,2,0.524414,0.34,True,True,True,0.34
attack,readout,0.1,entanglement_disruption,3,0.269531,0.34,True,False,False,0.34
attack,readout,0.1,entanglement_disruption,4,0.537109,0.34,True,True,True,0.34
attack,readout,0.1,entanglement_disruption,5,0.483398,0.34,True,True,True,0.34
attack,readout,0.1,entanglement_disruption,6,0.499023,0.34,True,True,True,0.34
attack,readout,0.1,entanglement_disruption,7,0.505859,0.34,True,True,True,0.34
attack,readout,0.1,entanglement_disruption,8,0.49707,0.34,True,True,True,0.34
attack,readout,0.1,entanglement_disruption,9,0.499023,0.34,True,True,True,0.34
attack,readout,0.1,entanglement_disruption,10,0.488281,0.34,True,True,True,0.34
attack,readout,0.1,entanglement_disruption,11,0.256836,0.34,True,False,False,0.34
attack,readout,0.1,entanglement_disruption,12,0.483398,0.34,True,True,True,0.34
attack,readout,0.1,entanglement_disruption,13,0.507812,0.34,True,True,True,0.34
attack,readout,0.1,entanglement_disruption,14,0.487305,0.34,True,True,True,0.34
attack,readout,0.1,entanglement_disruption,15,0.489258,0.34,True,True,True,0.34
attack,readout,0.1,entanglement_disruption,16,0.25293,0.34,True,False,False,0.34
attack,readout,0.1,entanglement_disruption,17,0.490234,0.34,True,True,True,0.34
attack,readout,0.1,entanglement_disruption,18,0.505859,0.34,True,True,True,0.34
attack,readout,0.1,entanglement_disruption,19,0.246094,0.34,True,False,False,0.34
attack,readout,0.1,entanglement_disruption,20,0.496094,0.34,True,True,True,0.34
normal,bit_flip,0.0,none,1,0.0,0.26,False,False,True,0.36
normal,bit_flip,0.0,none,2,0.0,0.26,False,False,True,0.36
normal,bit_flip,0.0,none,3,0.0,0.26,False,False,True,0.36
normal,bit_flip,0.0,none,4,0.0,0.26,False,False,True,0.36
normal,bit_flip,0.0,none,5,0.0,0.26,False,False,True,0.36
normal,bit_flip,0.0,none,6,0.0,0.26,False,False,True,0.36
normal,bit_flip,0.0,none,7,0.0,0.26,False,False,True,0.36
normal,bit_flip,0.0,none,8,0.0,0.26,False,False,True,0.36
normal,bit_flip,0.0,none,9,0.0,0.26,False,False,True,0.36
normal,bit_flip,0.0,none,10,0.0,0.26,False,False,True,0.36
normal,bit_flip,0.0,none,11,0.0,0.26,False,False,True,0.36
normal,bit_flip,0.0,none,12,0.0,0.26,False,False,True,0.36
normal,bit_flip,0.0,none,13,0.0,0.26,False,False,True,0.36
normal,bit_flip,0.0,none,14,0.0,0.26,False,False,True,0.36
normal,bit_flip,0.0,none,15,0.0,0.26,False,False,True,0.36
normal,bit_flip,0.0,none,16,0.0,0.26,False,False,True,0.36
normal,bit_flip,0.0,none,17,0.0,0.26,False,False,True,0.36
normal,bit_flip,0.0,none,18,0.0,0.26,False,False,True,0.36
normal,bit_flip,0.0,none,19,0.0,0.26,False,False,True,0.36
normal,bit_flip,0.0,none,20,0.0,0.26,False,False,True,0.36
normal,bit_flip,0.05,none,1,0.09668,0.298672,False,False,True,0.36
normal,bit_flip,0.05,none,2,0.09668,0.298672,False,False,True,0.36
normal,bit_flip,0.05,none,3,0.106445,0.302578,False,False,True,0.36
normal,bit_flip,0.05,none,4,0.144531,0.3178124,False,False,True,0.36
normal,bit_flip,0.05,none,5,0.120117,0.3080468,False,False,True,0.36
normal,bit_flip,0.05,none,6,0.022461,0.2689844,False,False,True,0.36
normal,bit_flip,0.05,none,7,0.083008,0.2932032,False,False,True,0.36
normal,bit_flip,0.05,none,8,0.021484,0.2685936,False,False,True,0.36
normal,bit_flip,0.05,none,9,0.175781,0.3303124,False,False,True,0.36
normal,bit_flip,0.05,none,10,0.021484,0.2685936,False,False,True,0.36
normal,bit_flip,0.05,none,11,0.030273,0.2721092,False,False,True,0.36
normal,bit_flip,0.05,none,12,0.027344,0.2709376,False,False,True,0.36
normal,bit_flip,0.05,none,13,0.064453,0.2857812,False,False,True,0.36
normal,bit_flip,0.05,none,14,0.140625,0.31625000000000003,False,False,True,0.36
normal,bit_flip,0.05,none,15,0.09082,0.29632800000000004,False,False,True,0.36
normal,bit_flip,0.05,none,16,0.150391,0.3201564,False,False,True,0.36
normal,bit_flip,0.05,none,17,0.143555,0.317422,False,False,True,0.36
normal,bit_flip,0.05,none,18,0.026367,0.27054680000000003,False,False,True,0.36
normal,bit_flip,0.05,none,19,0.146484,0.31859360000000003,False,False,True,0.36
normal,bit_flip,0.05,none,20,0.138672,0.3154688,False,False,True,0.36
normal,bit_flip,0.1,none,1,0.188477,0.3353908,False,False,True,0.36
normal,bit_flip,0.1,none,2,0.169922,0.3279688,False,False,True,0.36
normal,bit_flip,0.1,none,3,0.170898,0.3283592,False,False,True,0.36
normal,bit_flip,0.1,none,4,0.169922,0.3279688,False,False,True,0.36
normal,bit_flip,0.1,none,5,0.170898,0.3283592,False,False,True,0.36
normal,bit_flip,0.1,none,6,0.259766,0.36,True,False,True,0.36
normal,bit_flip,0.1,none,7,0.060547,0.2842188,False,False,True,0.36
normal,bit_flip,0.1,none,8,0.272461,0.36,True,False,True,0.36
normal,bit_flip,0.1,none,9,0.048828,0.27953120000000004,False,False,True,0.36
normal,bit_flip,0.1,none,10,0.186523,0.3346092,False,False,True,0.36
normal,bit_flip,0.1,none,11,0.213867,0.34554680000000004,False,False,True,0.36
normal,bit_flip,0.1,none,12,0.043945,0.277578,False,False,True,0.36
normal,bit_flip,0.1,none,13,0.253906,0.36,True,False,True,0.36
normal,bit_flip,0.1,none,14,0.276367,0.36,True,False,True,0.36
normal,bit_flip,0.1,none,15,0.055664,0.2822656,False,False,True,0.36
normal,bit_flip,0.1,none,16,0.248047,0.3592188,False,False,True,0.36
normal,bit_flip,0.1,none,17,0.061523,0.2846092,False,False,True,0.36
normal,bit_flip,0.1,none,18,0.216797,0.3467188,False,False,True,0.36
normal,bit_flip,0.1,none,19,0.262695,0.36,True,False,True,0.36
normal,bit_flip,0.1,none,20,0.191406,0.33656240000000004,False,False,True,0.36
normal,bit_flip,0.15,none,1,0.188477,0.3353908,False,False,True,0.36
normal,bit_flip,0.15,none,2,0.353516,0.36,True,False,True,0.36
normal,bit_flip,0.15,none,3,0.081055,0.292422,False,False,True,0.36
normal,bit_flip,0.15,none,4,0.347656,0.36,True,False,True,0.36
normal,bit_flip,0.15,none,5,0.078125,0.29125,False,False,True,0.36
normal,bit_flip,0.15,none,6,0.064453,0.2857812,False,False,True,0.36
normal,bit_flip,0.15,none,7,0.290039,0.36,True,False,True,0.36
normal,bit_flip,0.15,none,8,0.337891,0.36,True,False,True,0.36
normal,bit_flip,0.15,none,9,0.294922,0.36,True,False,True,0.36
normal,bit_flip,0.15,none,10,0.357422,0.36,True,False,True,0.36
normal,bit_flip,0.15,none,11,0.334961,0.36,True,False,True,0.36
normal,bit_flip,0.15,none,12,0.183594,0.3334376,False,False,True,0.36
normal,bit_flip,0.15,none,13,0.229492,0.3517968,False,False,True,0.36
normal,bit_flip,0.15,none,14,0.25,0.36,False,False,True,0.36
normal,bit_flip,0.15,none,15,0.205078,0.34203120000000004,False,False,True,0.36
normal,bit_flip,0.15,none,16,0.203125,0.34125,False,False,True,0.36
normal,bit_flip,0.15,none,17,0.34082,0.36,True,False,True,0.36
normal,bit_flip,0.15,none,18,0.356445,0.36,True,False,True,0.36
normal,bit_flip,0.15,none,19,0.267578,0.36,True,False,True,0.36
normal,bit_flip,0.15,none,20,0.198242,0.3392968,False,False,True,0.36
normal,bit_flip,0.2,none,1,0.338867,0.36,True,False,True,0.36
normal,bit_flip,0.2,none,2,0.262695,0.36,True,False,True,0.36
normal,bit_flip,0.2,none,3,0.40625,0.36,True,True,False,0.36
normal,bit_flip,0.2,none,4,0.106445,0.302578,False,False,True,0.36
normal,bit_flip,0.2,none,5,0.288086,0.36,True,False,True,0.36
normal,bit_flip,0.2,none,6,0.360352,0.36,True,True,False,0.36
normal,bit_flip,0.2,none,7,0.392578,0.36,True,True,False,0.36
normal,bit_flip,0.2,none,8,0.40625,0.36,True,True,False,0.36
normal,bit_flip,0.2,none,9,0.321289,0.36,True,False,True,0.36
normal,bit_flip,0.2,none,10,0.395508,0.36,True,True,False,0.36
normal,bit_flip,0.2,none,11,0.366211,0.36,True,True,False,0.36
normal,bit_flip,0.2,none,12,0.363281,0.36,True,True,False,0.36
normal,bit_flip,0.2,none,13,0.40918,0.36,True,True,False,0.36
normal,bit_flip,0.2,none,14,0.387695,0.36,True,True,False,0.36
normal,bit_flip,0.2,none,15,0.259766,0.36,True,False,True,0.36
normal,bit_flip,0.2,none,16,0.421875,0.36,True,True,False,0.36
normal,bit_flip,0.2,none,17,0.262695,0.36,True,False,True,0.36
normal,bit_flip,0.2,none,18,0.316406,0.36,True,False,True,0.36
normal,bit_flip,0.2,none,19,0.395508,0.36,True,True,False,0.36
normal,bit_flip,0.2,none,20,0.111328,0.3045312,False,False,True,0.36
normal,phase_flip,0.0,none,1,0.0,0.26,False,False,True,0.36
normal,phase_flip,0.0,none,2,0.0,0.26,False,False,True,0.36
normal,phase_flip,0.0,none,3,0.0,0.26,False,False,True,0.36
normal,phase_flip,0.0,none,4,0.0,0.26,False,False,True,0.36
normal,phase_flip,0.0,none,5,0.0,0.26,False,False,True,0.36
normal,phase_flip,0.0,none,6,0.0,0.26,False,False,True,0.36
normal,phase_flip,0.0,none,7,0.0,0.26,False,False,True,0.36
normal,phase_flip,0.0,none,8,0.0,0.26,False,False,True,0.36
normal,phase_flip,0.0,none,9,0.0,0.26,False,False,True,0.36
normal,phase_flip,0.0,none,10,0.0,0.26,False,False,True,0.36
normal,phase_flip,0.0,none,11,0.0,0.26,False,False,True,0.36
normal,phase_flip,0.0,none,12,0.0,0.26,False,False,True,0.36
normal,phase_flip,0.0,none,13,0.0,0.26,False,False,True,0.36
normal,phase_flip,0.0,none,14,0.0,0.26,False,False,True,0.36
normal,phase_flip,0.0,none,15,0.0,0.26,False,False,True,0.36
normal,phase_flip,0.0,none,16,0.0,0.26,False,False,True,0.36
normal,phase_flip,0.0,none,17,0.0,0.26,False,False,True,0.36
normal,phase_flip,0.0,none,18,0.0,0.26,False,False,True,0.36
normal,phase_flip,0.0,none,19,0.0,0.26,False,False,True,0.36
normal,phase_flip,0.0,none,20,0.0,0.26,False,False,True,0.36
normal,phase_flip,0.05,none,1,0.121094,0.3084376,False,False,True,0.36
normal,phase_flip,0.05,none,2,0.105469,0.3021876,False,False,True,0.36
normal,phase_flip,0.05,none,3,0.126953,0.31078120000000004,False,False,True,0.36
normal,phase_flip,0.05,none,4,0.114258,0.3057032,False,False,True,0.36
normal,phase_flip,0.05,none,5,0.0,0.26,False,False,True,0.36
normal,phase_flip,0.05,none,6,0.121094,0.3084376,False,False,True,0.36
normal,phase_flip,0.05,none,7,0.104492,0.30179680000000003,False,False,True,0.36
normal,phase_flip,0.05,none,8,0.0,0.26,False,False,True,0.36
normal,phase_flip,0.05,none,9,0.117188,0.3068752,False,False,True,0.36
normal,phase_flip,0.05,none,10,0.119141,0.3076564,False,False,True,0.36
normal,phase_flip,0.05,none,11,0.119141,0.3076564,False,False,True,0.36
normal,phase_flip,0.05,none,12,0.0,0.26,False,False,True,0.36
normal,phase_flip,0.05,none,13,0.114258,0.3057032,False,False,True,0.36
normal,phase_flip,0.05,none,14,0.102539,0.3010156,False,False,True,0.36
normal,phase_flip,0.05,none,15,0.0,0.26,False,False,True,0.36
normal,phase_flip,0.05,none,16,0.110352,0.3041408,False,False,True,0.36
normal,phase_flip,0.05,none,17,0.125,0.31,False,False,True,0.36
normal,phase_flip,0.05,none,18,0.0,0.26,False,False,True,0.36
normal,phase_flip,0.05,none,19,0.117188,0.3068752,False,False,True,0.36
normal,phase_flip,0.05,none,20,0.102539,0.3010156,False,False,True,0.36
normal,phase_flip,0.1,none,1,0.0,0.26,False,False,True,0.36
normal,phase_flip,0.1,none,2,0.185547,0.33421880000000004,False,False,True,0.36
normal,phase_flip,0.1,none,3,0.208008,0.34320320000000004,False,False,True,0.36
normal,phase_flip,0.1,none,4,0.0,0.26,False,False,True,0.36
normal,phase_flip,0.1,none,5,0.201172,0.3404688,False,False,True,0.36
normal,phase_flip,0.1,none,6,0.0,0.26,False,False,True,0.36
normal,phase_flip,0.1,none,7,0.240234,0.3560936,False,False,True,0.36
normal,phase_flip,0.1,none,8,0.208008,0.34320320000000004,False,False,True,0.36
normal,phase_flip,0.1,none,9,0.204102,0.3416408,False,False,True,0.36
normal,phase_flip,0.1,none,10,0.199219,0.33968760000000003,False,False,True,0.36
normal,phase_flip,0.1,none,11,0.202148,0.34085920000000003,False,False,True,0.36
normal,phase_flip,0.1,none,12,0.207031,0.3428124,False,False,True,0.36
normal,phase_flip,0.1,none,13,0.0,0.26,False,False,True,0.36
normal,phase_flip,0.1,none,14,0.201172,0.3404688,False,False,True,0.36
normal,phase_flip,0.1,none,15,0.209961,0.3439844,False,False,True,0.36
normal,phase_flip,0.1,none,16,0.209961,0.3439844,False,False,True,0.36
normal,phase_flip,0.1,none,17,0.211914,0.3447656,False,False,True,0.36
normal,phase_flip,0.1,none,18,0.21875,0.34750000000000003,False,False,True,0.36
normal,phase_flip,0.1,none,19,0.230469,0.35218760000000005,False,False,True,0.36
normal,phase_flip,0.1,none,20,0.209961,0.3439844,False,False,True,0.36
normal,phase_flip,0.15,none,1,0.291992,0.36,True,False,True,0.36
normal,phase_flip,0.15,none,2,0.0,0.26,False,False,True,0.36
normal,phase_flip,0.15,none,3,0.300781,0.36,True,False,True,0.36
normal,phase_flip,0.15,none,4,0.308594,0.36,True,False,True,0.36
normal,phase_flip,0.15,none,5,0.286133,0.36,True,False,True,0.36
normal,phase_flip,0.15,none,6,0.283203,0.36,True,False,True,0.36
normal,phase_flip,0.15,none,7,0.264648,0.36,True,False,True,0.36
normal,phase_flip,0.15,none,8,0.28418,0.36,True,False,True,0.36
normal,phase_flip,0.15,none,9,0.279297,0.36,True,False,True,0.36
normal,phase_flip,0.15,none,10,0.28125,0.36,True,False,True,0.36
normal,phase_flip,0.15,none,11,0.291992,0.36,True,False,True,0.36
normal,phase_flip,0.15,none,12,0.299805,0.36,True,False,True,0.36
normal,phase_flip,0.15,none,13,0.290039,0.36,True,False,True,0.36
normal,phase_flip,0.15,none,14,0.291992,0.36,True,False,True,0.36
normal,phase_flip,0.15,none,15,0.294922,0.36,True,False,True,0.36
normal,phase_flip,0.15,none,16,0.311523,0.36,True,False,True,0.36
normal,phase_flip,0.15,none,17,0.271484,0.36,True,False,True,0.36
normal,phase_flip,0.15,none,18,0.302734,0.36,True,False,True,0.36
normal,phase_flip,0.15,none,19,0.0,0.26,False,False,True,0.36
normal,phase_flip,0.15,none,20,0.0,0.26,False,False,True,0.36
normal,phase_flip,0.2,none,1,0.0,0.26,False,False,True,0.36
normal,phase_flip,0.2,none,2,0.34082,0.36,True,False,True,0.36
normal,phase_flip,0.2,none,3,0.354492,0.36,True,False,True,0.36
normal,phase_flip,0.2,none,4,0.0,0.26,False,False,True,0.36
normal,phase_flip,0.2,none,5,0.0,0.26,False,False,True,0.36
normal,phase_flip,0.2,none,6,0.0,0.26,False,False,True,0.36
normal,phase_flip,0.2,none,7,0.335938,0.36,True,False,True,0.36
normal,phase_flip,0.2,none,8,0.364258,0.36,True,True,False,0.36
normal,phase_flip,0.2,none,9,0.0,0.26,False,False,True,0.36
normal,phase_flip,0.2,none,10,0.352539,0.36,True,False,True,0.36
normal,phase_flip,0.2,none,11,0.351562,0.36,True,False,True,0.36
normal,phase_flip,0.2,none,12,0.366211,0.36,True,True,False,0.36
normal,phase_flip,0.2,none,13,0.0,0.26,False,False,True,0.36
normal,phase_flip,0.2,none,14,0.347656,0.36,True,False,True,0.36
normal,phase_flip,0.2,none,15,0.0,0.26,False,False,True,0.36
normal,phase_flip,0.2,none,16,0.375,0.36,True,True,False,0.36
normal,phase_flip,0.2,none,17,0.0,0.26,False,False,True,0.36
normal,phase_flip,0.2,none,18,0.0,0.26,False,False,True,0.36
normal,phase_flip,0.2,none,19,0.368164,0.36,True,True,False,0.36
normal,phase_flip,0.2,none,20,0.362305,0.36,True,True,False,0.36
normal,bit_phase_flip,0.0,none,1,0.0,0.26,False,False,True,0.36
normal,bit_phase_flip,0.0,none,2,0.0,0.26,False,False,True,0.36
normal,bit_phase_flip,0.0,none,3,0.0,0.26,False,False,True,0.36
normal,bit_phase_flip,0.0,none,4,0.0,0.26,False,False,True,0.36
normal,bit_phase_flip,0.0,none,5,0.0,0.26,False,False,True,0.36
normal,bit_phase_flip,0.0,none,6,0.0,0.26,False,False,True,0.36
normal,bit_phase_flip,0.0,none,7,0.0,0.26,False,False,True,0.36
normal,bit_phase_flip,0.0,none,8,0.0,0.26,False,False,True,0.36
normal,bit_phase_flip,0.0,none,9,0.0,0.26,False,False,True,0.36
normal,bit_phase_flip,0.0,none,10,0.0,0.26,False,False,True,0.36
normal,bit_phase_flip,0.0,none,11,0.0,0.26,False,False,True,0.36
normal,bit_phase_flip,0.0,none,12,0.0,0.26,False,False,True,0.36
normal,bit_phase_flip,0.0,none,13,0.0,0.26,False,False,True,0.36
normal,bit_phase_flip,0.0,none,14,0.0,0.26,False,False,True,0.36
normal,bit_phase_flip,0.0,none,15,0.0,0.26,False,False,True,0.36
normal,bit_phase_flip,0.0,none,16,0.0,0.26,False,False,True,0.36
normal,bit_phase_flip,0.0,none,17,0.0,0.26,False,False,True,0.36
normal,bit_phase_flip,0.0,none,18,0.0,0.26,False,False,True,0.36
normal,bit_phase_flip,0.0,none,19,0.0,0.26,False,False,True,0.36
normal,bit_phase_flip,0.0,none,20,0.0,0.26,False,False,True,0.36
normal,bit_phase_flip,0.05,none,1,0.227539,0.3510156,False,False,True,0.36
normal,bit_phase_flip,0.05,none,2,0.233398,0.3533592,False,False,True,0.36
normal,bit_phase_flip,0.05,none,3,0.208008,0.34320320000000004,False,False,True,0.36
normal,bit_phase_flip,0.05,none,4,0.214844,0.3459376,False,False,True,0.36
normal,bit_phase_flip,0.05,none,5,0.180664,0.3322656,False,False,True,0.36
normal,bit_phase_flip,0.05,none,6,0.078125,0.29125,False,False,True,0.36
normal,bit_phase_flip,0.05,none,7,0.177734,0.3310936,False,False,True,0.36
normal,bit_phase_flip,0.05,none,8,0.209961,0.3439844,False,False,True,0.36
normal,bit_phase_flip,0.05,none,9,0.188477,0.3353908,False,False,True,0.36
normal,bit_phase_flip,0.05,none,10,0.074219,0.2896876,False,False,True,0.36
normal,bit_phase_flip,0.05,none,11,0.056641,0.28265640000000003,False,False,True,0.36
normal,bit_phase_flip,0.05,none,12,0.212891,0.34515640000000003,False,False,True,0.36
normal,bit_phase_flip,0.05,none,13,0.016602,0.2666408,False,False,True,0.36
normal,bit_phase_flip,0.05,none,14,0.167969,0.3271876,False,False,True,0.36
normal,bit_phase_flip,0.05,none,15,0.198242,0.3392968,False,False,True,0.36
normal,bit_phase_flip,0.05,none,16,0.017578,0.2670312,False,False,True,0.36
normal,bit_phase_flip,0.05,none,17,0.220703,0.3482812,False,False,True,0.36
normal,bit_phase_flip,0.05,none,18,0.207031,0.3428124,False,False,True,0.36
normal,bit_phase_flip,0.05,none,19,0.024414,0.2697656,False,False,True,0.36
normal,bit_phase_flip,0.05,none,20,0.21875,0.34750000000000003,False,False,True,0.36
normal,bit_phase_flip,0.1,none,1,0.369141,0.36,True,True,False,0.36
normal,bit_phase_flip,0.1,none,2,0.300781,0.36,True,False,True,0.36
normal,bit_phase_flip,0.1,none,3,0.292969,0.36,True,False,True,0.36
normal,bit_phase_flip,0.1,none,4,0.310547,0.36,True,False,True,0.36
normal,bit_phase_flip,0.1,none,5,0.290039,0.36,True,False,True,0.36
normal,bit_phase_flip,0.1,none,6,0.048828,0.27953120000000004,False,False,True,0.36
normal,bit_phase_flip,0.1,none,7,0.317383,0.36,True,False,True,0.36
normal,bit_phase_flip,0.1,none,8,0.361328,0.36,True,True,False,0.36
normal,bit_phase_flip,0.1,none,9,0.345703,0.36,True,False,True,0.36
normal,bit_phase_flip,0.1,none,10,0.136719,0.3146876,False,False,True,0.36
normal,bit_phase_flip,0.1,none,11,0.291992,0.36,True,False,True,0.36
normal,bit_phase_flip,0.1,none,12,0.302734,0.36,True,False,True,0.36
normal,bit_phase_flip,0.1,none,13,0.138672,0.3154688,False,False,True,0.36
normal,bit_phase_flip,0.1,none,14,0.307617,0.36,True,False,True,0.36
normal,bit_phase_flip,0.1,none,15,0.041016,0.2764064,False,False,True,0.36
normal,bit_phase_flip,0.1,none,16,0.316406,0.36,True,False,True,0.36
normal,bit_phase_flip,0.1,none,17,0.055664,0.2822656,False,False,True,0.36
normal,bit_phase_flip,0.1,none,18,0.15625,0.3225,False,False,True,0.36
normal,bit_phase_flip,0.1,none,19,0.3125,0.36,True,False,True,0.36
normal,bit_phase_flip,0.1,none,20,0.049805,0.279922,False,False,True,0.36
normal,bit_phase_flip,0.15,none,1,0.410156,0.36,True,True,False,0.36
normal,bit_phase_flip,0.15,none,2,0.421875,0.36,True,True,False,0.36
normal,bit_phase_flip,0.15,none,3,0.391602,0.36,True,True,False,0.36
normal,bit_phase_flip,0.15,none,4,0.34375,0.36,True,False,True,0.36
normal,bit_phase_flip,0.15,none,5,0.432617,0.36,True,True,False,0.36
normal,bit_phase_flip,0.15,none,6,0.455078,0.36,True,True,False,0.36
normal,bit_phase_flip,0.15,none,7,0.417969,0.36,True,True,False,0.36
normal,bit_phase_flip,0.15,none,8,0.441406,0.36,True,True,False,0.36
normal,bit_phase_flip,0.15,none,9,0.402344,0.36,True,True,False,0.36
normal,bit_phase_flip,0.15,none,10,0.392578,0.36,True,True,False,0.36
normal,bit_phase_flip,0.15,none,11,0.412109,0.36,True,True,False,0.36
normal,bit_phase_flip,0.15,none,12,0.370117,0.36,True,True,False,0.36
normal,bit_phase_flip,0.15,none,13,0.191406,0.33656240000000004,False,False,True,0.36
normal,bit_phase_flip,0.15,none,14,0.373047,0.36,True,True,False,0.36
normal,bit_phase_flip,0.15,none,15,0.419922,0.36,True,True,False,0.36
normal,bit_phase_flip,0.15,none,16,0.208984,0.3435936,False,False,True,0.36
normal,bit_phase_flip,0.15,none,17,0.393555,0.36,True,True,False,0.36
normal,bit_phase_flip,0.15,none,18,0.420898,0.36,True,True,False,0.36
normal,bit_phase_flip,0.15,none,19,0.205078,0.34203120000000004,False,False,True,0.36
normal,bit_phase_flip,0.15,none,20,0.422852,0.36,True,True,False,0.36
normal,bit_phase_flip,0.2,none,1,0.452148,0.36,True,True,False,0.36
normal,bit_phase_flip,0.2,none,2,0.414062,0.36,True,True,False,0.36
normal,bit_phase_flip,0.2,none,3,0.450195,0.36,True,True,False,0.36
normal,bit_phase_flip,0.2,none,4,0.445312,0.36,True,True,False,0.36
normal,bit_phase_flip,0.2,none,5,0.436523,0.36,True,True,False,0.36
normal,bit_phase_flip,0.2,none,6,0.44043,0.36,True,True,False,0.36
normal,bit_phase_flip,0.2,none,7,0.442383,0.36,True,True,False,0.36
normal,bit_phase_flip,0.2,none,8,0.268555,0.36,True,False,True,0.36
normal,bit_phase_flip,0.2,none,9,0.429688,0.36,True,True,False,0.36
normal,bit_phase_flip,0.2,none,10,0.462891,0.36,True,True,False,0.36
normal,bit_phase_flip,0.2,none,11,0.464844,0.36,True,True,False,0.36
normal,bit_phase_flip,0.2,none,12,0.253906,0.36,True,False,True,0.36
normal,bit_phase_flip,0.2,none,13,0.446289,0.36,True,True,False,0.36
normal,bit_phase_flip,0.2,none,14,0.446289,0.36,True,True,False,0.36
normal,bit_phase_flip,0.2,none,15,0.431641,0.36,True,True,False,0.36
normal,bit_phase_flip,0.2,none,16,0.446289,0.36,True,True,False,0.36
normal,bit_phase_flip,0.2,none,17,0.108398,0.3033592,False,False,True,0.36
normal,bit_phase_flip,0.2,none,18,0.472656,0.36,True,True,False,0.36
normal,bit_phase_flip,0.2,none,19,0.105469,0.3021876,False,False,True,0.36
normal,bit_phase_flip,0.2,none,20,0.439453,0.36,True,True,False,0.36
normal,depolarizing,0.0,none,1,0.0,0.26,False,False,True,0.36
normal,depolarizing,0.0,none,2,0.0,0.26,False,False,True,0.36
normal,depolarizing,0.0,none,3,0.0,0.26,False,False,True,0.36
normal,depolarizing,0.0,none,4,0.0,0.26,False,False,True,0.36
normal,depolarizing,0.0,none,5,0.0,0.26,False,False,True,0.36
normal,depolarizing,0.0,none,6,0.0,0.26,False,False,True,0.36
normal,depolarizing,0.0,none,7,0.0,0.26,False,False,True,0.36
normal,depolarizing,0.0,none,8,0.0,0.26,False,False,True,0.36
normal,depolarizing,0.0,none,9,0.0,0.26,False,False,True,0.36
normal,depolarizing,0.0,none,10,0.0,0.26,False,False,True,0.36
normal,depolarizing,0.0,none,11,0.0,0.26,False,False,True,0.36
normal,depolarizing,0.0,none,12,0.0,0.26,False,False,True,0.36
normal,depolarizing,0.0,none,13,0.0,0.26,False,False,True,0.36
normal,depolarizing,0.0,none,14,0.0,0.26,False,False,True,0.36
normal,depolarizing,0.0,none,15,0.0,0.26,False,False,True,0.36
normal,depolarizing,0.0,none,16,0.0,0.26,False,False,True,0.36
normal,depolarizing,0.0,none,17,0.0,0.26,False,False,True,0.36
normal,depolarizing,0.0,none,18,0.0,0.26,False,False,True,0.36
normal,depolarizing,0.0,none,19,0.0,0.26,False,False,True,0.36
normal,depolarizing,0.0,none,20,0.0,0.26,False,False,True,0.36
normal,depolarizing,0.05,none,1,0.148438,0.3193752,False,False,True,0.36
normal,depolarizing,0.05,none,2,0.123047,0.3092188,False,False,True,0.36
normal,depolarizing,0.05,none,3,0.020508,0.26820320000000003,False,False,True,0.36
normal,depolarizing,0.05,none,4,0.007812,0.2631248,False,False,True,0.36
normal,depolarizing,0.05,none,5,0.118164,0.3072656,False,False,True,0.36
normal,depolarizing,0.05,none,6,0.111328,0.3045312,False,False,True,0.36
normal,depolarizing,0.05,none,7,0.139648,0.3158592,False,False,True,0.36
normal,depolarizing,0.05,none,8,0.114258,0.3057032,False,False,True,0.36
normal,depolarizing,0.05,none,9,0.116211,0.3064844,False,False,True,0.36
normal,depolarizing,0.05,none,10,0.146484,0.31859360000000003,False,False,True,0.36
normal,depolarizing,0.05,none,11,0.012695,0.26507800000000004,False,False,True,0.36
normal,depolarizing,0.05,none,12,0.109375,0.30375,False,False,True,0.36
normal,depolarizing,0.05,none,13,0.098633,0.29945320000000003,False,False,True,0.36
normal,depolarizing,0.05,none,14,0.015625,0.26625,False,False,True,0.36
normal,depolarizing,0.05,none,15,0.125,0.31,False,False,True,0.36
normal,depolarizing,0.05,none,16,0.008789,0.2635156,False,False,True,0.36
normal,depolarizing,0.05,none,17,0.100586,0.3002344,False,False,True,0.36
normal,depolarizing,0.05,none,18,0.109375,0.30375,False,False,True,0.36
normal,depolarizing,0.05,none,19,0.141602,0.3166408,False,False,True,0.36
normal,depolarizing,0.05,none,20,0.120117,0.3080468,False,False,True,0.36
normal,depolarizing,0.1,none,1,0.014648,0.2658592,False,False,True,0.36
normal,depolarizing,0.1,none,2,0.260742,0.36,True,False,True,0.36
normal,depolarizing,0.1,none,3,0.228516,0.3514064,False,False,True,0.36
normal,depolarizing,0.1,none,4,0.245117,0.3580468,False,False,True,0.36
normal,depolarizing,0.1,none,5,0.236328,0.35453120000000005,False,False,True,0.36
normal,depolarizing,0.1,none,6,0.193359,0.3373436,False,False,True,0.36
normal,depolarizing,0.1,none,7,0.068359,0.28734360000000003,False,False,True,0.36
normal,depolarizing,0.1,none,8,0.265625,0.36,True,False,True,0.36
normal,depolarizing,0.1,none,9,0.211914,0.3447656,False,False,True,0.36
normal,depolarizing,0.1,none,10,0.201172,0.3404688,False,False,True,0.36
normal,depolarizing,0.1,none,11,0.03125,0.2725,False,False,True,0.36
normal,depolarizing,0.1,none,12,0.25,0.36,False,False,True,0.36
normal,depolarizing,0.1,none,13,0.214844,0.3459376,False,False,True,0.36
normal,depolarizing,0.1,none,14,0.242188,0.3568752,False,False,True,0.36
normal,depolarizing,0.1,none,15,0.080078,0.2920312,False,False,True,0.36
normal,depolarizing,0.1,none,16,0.030273,0.2721092,False,False,True,0.36
normal,depolarizing,0.1,none,17,0.039062,0.2756248,False,False,True,0.36
normal,depolarizing,0.1,none,18,0.076172,0.2904688,False,False,True,0.36
normal,depolarizing,0.1,none,19,0.21875,0.34750000000000003,False,False,True,0.36
normal,depolarizing,0.1,none,20,0.273438,0.36,True,False,True,0.36
normal,depolarizing,0.15,none,1,0.256836,0.36,True,False,True,0.36
normal,depolarizing,0.15,none,2,0.28125,0.36,True,False,True,0.36
normal,depolarizing,0.15,none,3,0.095703,0.2982812,False,False,True,0.36
normal,depolarizing,0.15,none,4,0.321289,0.36,True,False,True,0.36
normal,depolarizing,0.15,none,5,0.101562,0.3006248,False,False,True,0.36
normal,depolarizing,0.15,none,6,0.273438,0.36,True,False,True,0.36
normal,depolarizing,0.15,none,7,0.095703,0.2982812,False,False,True,0.36
normal,depolarizing,0.15,none,8,0.324219,0.36,True,False,True,0.36
normal,depolarizing,0.15,none,9,0.310547,0.36,True,False,True,0.36
normal,depolarizing,0.15,none,10,0.044922,0.2779688,False,False,True,0.36
normal,depolarizing,0.15,none,11,0.287109,0.36,True,False,True,0.36
normal,depolarizing,0.15,none,12,0.337891,0.36,True,False,True,0.36
normal,depolarizing,0.15,none,13,0.273438,0.36,True,False,True,0.36
normal,depolarizing,0.15,none,14,0.317383,0.36,True,False,True,0.36
normal,depolarizing,0.15,none,15,0.261719,0.36,True,False,True,0.36
normal,depolarizing,0.15,none,16,0.279297,0.36,True,False,True,0.36
normal,depolarizing,0.15,none,17,0.289062,0.36,True,False,True,0.36
normal,depolarizing,0.15,none,18,0.333008,0.36,True,False,True,0.36
normal,depolarizing,0.15,none,19,0.306641,0.36,True,False,True,0.36
normal,depolarizing,0.15,none,20,0.045898,0.27835920000000003,False,False,True,0.36
normal,depolarizing,0.2,none,1,0.34668,0.36,True,False,True,0.36
normal,depolarizing,0.2,none,2,0.370117,0.36,True,True,False,0.36
normal,depolarizing,0.2,none,3,0.048828,0.27953120000000004,False,False,True,0.36
normal,depolarizing,0.2,none,4,0.144531,0.3178124,False,False,True,0.36
normal,depolarizing,0.2,none,5,0.347656,0.36,True,False,True,0.36
normal,depolarizing,0.2,none,6,0.342773,0.36,True,False,True,0.36
normal,depolarizing,0.2,none,7,0.370117,0.36,True,True,False,0.36
normal,depolarizing,0.2,none,8,0.326172,0.36,True,False,True,0.36
normal,depolarizing,0.2,none,9,0.323242,0.36,True,False,True,0.36
normal,depolarizing,0.2,none,10,0.398438,0.36,True,True,False,0.36
normal,depolarizing,0.2,none,11,0.369141,0.36,True,True,False,0.36
normal,depolarizing,0.2,none,12,0.34668,0.36,True,False,True,0.36
normal,depolarizing,0.2,none,13,0.354492,0.36,True,False,True,0.36
normal,depolarizing,0.2,none,14,0.313477,0.36,True,False,True,0.36
normal,depolarizing,0.2,none,15,0.369141,0.36,True,True,False,0.36
normal,depolarizing,0.2,none,16,0.310547,0.36,True,False,True,0.36
normal,depolarizing,0.2,none,17,0.348633,0.36,True,False,True,0.36
normal,depolarizing,0.2,none,18,0.135742,0.31429680000000004,False,False,True,0.36
normal,depolarizing,0.2,none,19,0.043945,0.277578,False,False,True,0.36
normal,depolarizing,0.2,none,20,0.050781,0.2803124,False,False,True,0.36
normal,readout,0.0,none,1,0.0,0.26,False,False,True,0.36
normal,readout,0.0,none,2,0.0,0.26,False,False,True,0.36
normal,readout,0.0,none,3,0.0,0.26,False,False,True,0.36
normal,readout,0.0,none,4,0.0,0.26,False,False,True,0.36
normal,readout,0.0,none,5,0.0,0.26,False,False,True,0.36
normal,readout,0.0,none,6,0.0,0.26,False,False,True,0.36
normal,readout,0.0,none,7,0.0,0.26,False,False,True,0.36
normal,readout,0.0,none,8,0.0,0.26,False,False,True,0.36
normal,readout,0.0,none,9,0.0,0.26,False,False,True,0.36
normal,readout,0.0,none,10,0.0,0.26,False,False,True,0.36
normal,readout,0.0,none,11,0.0,0.26,False,False,True,0.36
normal,readout,0.0,none,12,0.0,0.26,False,False,True,0.36
normal,readout,0.0,none,13,0.0,0.26,False,False,True,0.36
normal,readout,0.0,none,14,0.0,0.26,False,False,True,0.36
normal,readout,0.0,none,15,0.0,0.26,False,False,True,0.36
normal,readout,0.0,none,16,0.0,0.26,False,False,True,0.36
normal,readout,0.0,none,17,0.0,0.26,False,False,True,0.36
normal,readout,0.0,none,18,0.0,0.26,False,False,True,0.36
normal,readout,0.0,none,19,0.0,0.26,False,False,True,0.36
normal,readout,0.0,none,20,0.0,0.26,False,False,True,0.36
normal,readout,0.05,none,1,0.095703,0.2982812,False,False,True,0.36
normal,readout,0.05,none,2,0.133789,0.3135156,False,False,True,0.36
normal,readout,0.05,none,3,0.136719,0.3146876,False,False,True,0.36
normal,readout,0.05,none,4,0.112305,0.304922,False,False,True,0.36
normal,readout,0.05,none,5,0.145508,0.3182032,False,False,True,0.36
normal,readout,0.05,none,6,0.098633,0.29945320000000003,False,False,True,0.36
normal,readout,0.05,none,7,0.136719,0.3146876,False,False,True,0.36
normal,readout,0.05,none,8,0.081055,0.292422,False,False,True,0.36
normal,readout,0.05,none,9,0.101562,0.3006248,False,False,True,0.36
normal,readout,0.05,none,10,0.091797,0.2967188,False,False,True,0.36
normal,readout,0.05,none,11,0.132812,0.31312480000000004,False,False,True,0.36
normal,readout,0.05,none,12,0.140625,0.31625000000000003,False,False,True,0.36
normal,readout,0.05,none,13,0.100586,0.3002344,False,False,True,0.36
normal,readout,0.05,none,14,0.126953,0.31078120000000004,False,False,True,0.36
normal,readout,0.05,none,15,0.144531,0.3178124,False,False,True,0.36
normal,readout,0.05,none,16,0.094727,0.2978908,False,False,True,0.36
normal,readout,0.05,none,17,0.134766,0.31390640000000003,False,False,True,0.36
normal,readout,0.05,none,18,0.097656,0.2990624,False,False,True,0.36
normal,readout,0.05,none,19,0.146484,0.31859360000000003,False,False,True,0.36
normal,readout,0.05,none,20,0.086914,0.2947656,False,False,True,0.36
normal,readout,0.1,none,1,0.177734,0.3310936,False,False,True,0.36
normal,readout,0.1,none,2,0.249023,0.3596092,False,False,True,0.36
normal,readout,0.1,none,3,0.167969,0.3271876,False,False,True,0.36
normal,readout,0.1,none,4,0.192383,0.3369532,False,False,True,0.36
normal,readout,0.1,none,5,0.249023,0.3596092,False,False,True,0.36
normal,readout,0.1,none,6,0.15625,0.3225,False,False,True,0.36
normal,readout,0.1,none,7,0.15332,0.321328,False,False,True,0.36
normal,readout,0.1,none,8,0.257812,0.36,True,False,True,0.36
normal,readout,0.1,none,9,0.267578,0.36,True,False,True,0.36
normal,readout,0.1,none,10,0.186523,0.3346092,False,False,True,0.36
normal,readout,0.1,none,11,0.180664,0.3322656,False,False,True,0.36
normal,readout,0.1,none,12,0.181641,0.3326564,False,False,True,0.36
normal,readout,0.1,none,13,0.166992,0.3267968,False,False,True,0.36
normal,readout,0.1,none,14,0.155273,0.3221092,False,False,True,0.36
normal,readout,0.1,none,15,0.231445,0.352578,False,False,True,0.36
normal,readout,0.1,none,16,0.25,0.36,False,False,True,0.36
normal,readout,0.1,none,17,0.183594,0.3334376,False,False,True,0.36
normal,readout,0.1,none,18,0.161133,0.3244532,False,False,True,0.36
normal,readout,0.1,none,19,0.241211,0.35648440000000003,False,False,True,0.36
normal,readout,0.1,none,20,0.177734,0.3310936,False,False,True,0.36
normal,readout,0.15,none,1,0.251953,0.36,True,False,True,0.36
normal,readout,0.15,none,2,0.264648,0.36,True,False,True,0.36
normal,readout,0.15,none,3,0.28125,0.36,True,False,True,0.36
normal,readout,0.15,none,4,0.336914,0.36,True,False,True,0.36
normal,readout,0.15,none,5,0.259766,0.36,True,False,True,0.36
normal,readout,0.15,none,6,0.28418,0.36,True,False,True,0.36
normal,readout,0.15,none,7,0.300781,0.36,True,False,True,0.36
normal,readout,0.15,none,8,0.233398,0.3533592,False,False,True,0.36
normal,readout,0.15,none,9,0.266602,0.36,True,False,True,0.36
normal,readout,0.15,none,10,0.246094,0.3584376,False,False,True,0.36
normal,readout,0.15,none,11,0.339844,0.36,True,False,True,0.36
normal,readout,0.15,none,12,0.364258,0.36,True,True,False,0.36
normal,readout,0.15,none,13,0.242188,0.3568752,False,False,True,0.36
normal,readout,0.15,none,14,0.266602,0.36,True,False,True,0.36
normal,readout,0.15,none,15,0.262695,0.36,True,False,True,0.36
normal,readout,0.15,none,16,0.25293,0.36,True,False,True,0.36
normal,readout,0.15,none,17,0.248047,0.3592188,False,False,True,0.36
normal,readout,0.15,none,18,0.337891,0.36,True,False,True,0.36
normal,readout,0.15,none,19,0.34082,0.36,True,False,True,0.36
normal,readout,0.15,none,20,0.320312,0.36,True,False,True,0.36
normal,readout,0.2,none,1,0.318359,0.36,True,False,True,0.36
normal,readout,0.2,none,2,0.425781,0.36,True,True,False,0.36
normal,readout,0.2,none,3,0.320312,0.36,True,False,True,0.36
normal,readout,0.2,none,4,0.3125,0.36,True,False,True,0.36
normal,readout,0.2,none,5,0.319336,0.36,True,False,True,0.36
normal,readout,0.2,none,6,0.333984,0.36,True,False,True,0.36
normal,readout,0.2,none,7,0.302734,0.36,True,False,True,0.36
normal,readout,0.2,none,8,0.385742,0.36,True,True,False,0.36
normal,readout,0.2,none,9,0.392578,0.36,True,True,False,0.36
normal,readout,0.2,none,10,0.363281,0.36,True,True,False,0.36
normal,readout,0.2,none,11,0.40625,0.36,True,True,False,0.36
normal,readout,0.2,none,12,0.330078,0.36,True,False,True,0.36
normal,readout,0.2,none,13,0.400391,0.36,True,True,False,0.36
normal,readout,0.2,none,14,0.327148,0.36,True,False,True,0.36
normal,readout,0.2,none,15,0.405273,0.36,True,True,False,0.36
normal,readout,0.2,none,16,0.325195,0.36,True,False,True,0.36
normal,readout,0.2,none,17,0.337891,0.36,True,False,True,0.36
normal,readout,0.2,none,18,0.333008,0.36,True,False,True,0.36
normal,readout,0.2,none,19,0.393555,0.36,True,True,False,0.36
normal,readout,0.2,none,20,0.374023,0.36,True,True,False,0.36
attack,bit_flip,0.1,pauli_x,1,0.762695,0.36,True,True,True,0.36
attack,bit_flip,0.1,pauli_x,2,0.188477,0.3353908,False,False,False,0.36
attack,bit_flip,0.1,pauli_x,3,0.182617,0.33304680000000003,False,False,False,0.36
attack,bit_flip,0.1,pauli_x,4,0.172852,0.3291408,False,False,False,0.36
attack,bit_flip,0.1,pauli_x,5,0.168945,0.32757800000000004,False,False,False,0.36
attack,bit_flip,0.1,pauli_x,6,0.679688,0.36,True,True,True,0.36
attack,bit_flip,0.1,pauli_x,7,0.185547,0.33421880000000004,False,False,False,0.36
attack,bit_flip,0.1,pauli_x,8,0.859375,0.36,True,True,True,0.36
attack,bit_flip,0.1,pauli_x,9,0.71875,0.36,True,True,True,0.36
attack,bit_flip,0.1,pauli_x,10,0.242188,0.3568752,False,False,False,0.36
attack,bit_flip,0.1,pauli_x,11,0.229492,0.3517968,False,False,False,0.36
attack,bit_flip,0.1,pauli_x,12,0.742188,0.36,True,True,True,0.36
attack,bit_flip,0.1,pauli_x,13,0.792969,0.36,True,True,True,0.36
attack,bit_flip,0.1,pauli_x,14,0.762695,0.36,True,True,True,0.36
attack,bit_flip,0.1,pauli_x,15,0.19043,0.336172,False,False,False,0.36
attack,bit_flip,0.1,pauli_x,16,0.686523,0.36,True,True,True,0.36
attack,bit_flip,0.1,pauli_x,17,0.239258,0.3557032,False,False,False,0.36
attack,bit_flip,0.1,pauli_x,18,0.723633,0.36,True,True,True,0.36
attack,bit_flip,0.1,pauli_x,19,0.859375,0.36,True,True,True,0.36
attack,bit_flip,0.1,pauli_x,20,0.223633,0.3494532,False,False,False,0.36
attack,bit_flip,0.1,pauli_y,1,0.761719,0.36,True,True,True,0.36
attack,bit_flip,0.1,pauli_y,2,0.268555,0.36,True,False,False,0.36
attack,bit_flip,0.1,pauli_y,3,0.758789,0.36,True,True,True,0.36
attack,bit_flip,0.1,pauli_y,4,0.87207,0.36,True,True,True,0.36
attack,bit_flip,0.1,pauli_y,5,0.949219,0.36,True,True,True,0.36
attack,bit_flip,0.1,pauli_y,6,0.756836,0.36,True,True,True,0.36
attack,bit_flip,0.1,pauli_y,7,0.936523,0.36,True,True,True,0.36
attack,bit_flip,0.1,pauli_y,8,0.746094,0.36,True,True,True,0.36
attack,bit_flip,0.1,pauli_y,9,0.869141,0.36,True,True,True,0.36
attack,bit_flip,0.1,pauli_y,10,0.198242,0.3392968,False,False,False,0.36
attack,bit_flip,0.1,pauli_y,11,0.950195,0.36,True,True,True,0.36
attack,bit_flip,0.1,pauli_y,12,0.8125,0.36,True,True,True,0.36
attack,bit_flip,0.1,pauli_y,13,0.726562,0.36,True,True,True,0.36
attack,bit_flip,0.1,pauli_y,14,0.844727,0.36,True,True,True,0.36
attack,bit_flip,0.1,pauli_y,15,0.817383,0.36,True,True,True,0.36
attack,bit_flip,0.1,pauli_y,16,0.868164,0.36,True,True,True,0.36
attack,bit_flip,0.1,pauli_y,17,0.219727,0.3478908,False,False,False,0.36
attack,bit_flip,0.1,pauli_y,18,0.948242,0.36,True,True,True,0.36
attack,bit_flip,0.1,pauli_y,19,0.21582,0.346328,False,False,False,0.36
attack,bit_flip,0.1,pauli_y,20,0.84082,0.36,True,True,True,0.36
attack,bit_flip,0.1,pauli_z,1,0.055664,0.2822656,False,False,False,0.36
attack,bit_flip,0.1,pauli_z,2,0.759766,0.36,True,True,True,0.36
attack,bit_flip,0.1,pauli_z,3,0.793945,0.36,True,True,True,0.36
attack,bit_flip,0.1,pauli_z,4,0.052734,0.2810936,False,False,False,0.36
attack,bit_flip,0.1,pauli_z,5,0.775391,0.36,True,True,True,0.36
attack,bit_flip,0.1,pauli_z,6,0.760742,0.36,True,True,True,0.36
attack,bit_flip,0.1,pauli_z,7,0.128906,0.3115624,False,False,False,0.36
attack,bit_flip,0.1,pauli_z,8,0.833008,0.36,True,True,True,0.36
attack,bit_flip,0.1,pauli_z,9,0.049805,0.279922,False,False,False,0.36
attack,bit_flip,0.1,pauli_z,10,0.042969,0.27718760000000003,False,False,False,0.36
attack,bit_flip,0.1,pauli_z,11,0.046875,0.27875,False,False,False,0.36
attack,bit_flip,0.1,pauli_z,12,0.787109,0.36,True,True,True,0.36
attack,bit_flip,0.1,pauli_z,13,0.748047,0.36,True,True,True,0.36
attack,bit_flip,0.1,pauli_z,14,0.755859,0.36,True,True,True,0.36
attack,bit_flip,0.1,pauli_z,15,0.749023,0.36,True,True,True,0.36
attack,bit_flip,0.1,pauli_z,16,0.141602,0.3166408,False,False,False,0.36
attack,bit_flip,0.1,pauli_z,17,0.051758,0.2807032,False,False,False,0.36
attack,bit_flip,0.1,pauli_z,18,0.054688,0.2818752,False,False,False,0.36
attack,bit_flip,0.1,pauli_z,19,0.15918,0.323672,False,False,False,0.36
attack,bit_flip,0.1,pauli_z,20,0.727539,0.36,True,True,True,0.36
attack,bit_flip,0.1,entanglement_disruption,1,0.500977,0.36,True,True,True,0.36
attack,bit_flip,0.1,entanglement_disruption,2,0.500977,0.36,True,True,True,0.36
attack,bit_flip,0.1,entanglement_disruption,3,0.491211,0.36,True,True,True,0.36
attack,bit_flip,0.1,entanglement_disruption,4,0.488281,0.36,True,True,True,0.36
attack,bit_flip,0.1,entanglement_disruption,5,0.504883,0.36,True,True,True,0.36
attack,bit_flip,0.1,entanglement_disruption,6,0.461914,0.36,True,True,True,0.36
attack,bit_flip,0.1,entanglement_disruption,7,0.532227,0.36,True,True,True,0.36
attack,bit_flip,0.1,entanglement_disruption,8,0.333008,0.36,True,False,False,0.36
attack,bit_flip,0.1,entanglement_disruption,9,0.364258,0.36,True,True,True,0.36
attack,bit_flip,0.1,entanglement_disruption,10,0.499023,0.36,True,True,True,0.36
attack,bit_flip,0.1,entanglement_disruption,11,0.333008,0.36,True,False,False,0.36
attack,bit_flip,0.1,entanglement_disruption,12,0.501953,0.36,True,True,True,0.36
attack,bit_flip,0.1,entanglement_disruption,13,0.482422,0.36,True,True,True,0.36
attack,bit_flip,0.1,entanglement_disruption,14,0.509766,0.36,True,True,True,0.36
attack,bit_flip,0.1,entanglement_disruption,15,0.470703,0.36,True,True,True,0.36
attack,bit_flip,0.1,entanglement_disruption,16,0.347656,0.36,True,False,False,0.36
attack,bit_flip,0.1,entanglement_disruption,17,0.3125,0.36,True,False,False,0.36
attack,bit_flip,0.1,entanglement_disruption,18,0.507812,0.36,True,True,True,0.36
attack,bit_flip,0.1,entanglement_disruption,19,0.333008,0.36,True,False,False,0.36
attack,bit_flip,0.1,entanglement_disruption,20,0.507812,0.36,True,True,True,0.36
attack,phase_flip,0.1,pauli_x,1,0.714844,0.36,True,True,True,0.36
attack,phase_flip,0.1,pauli_x,2,0.270508,0.36,True,False,False,0.36
attack,phase_flip,0.1,pauli_x,3,1.0,0.36,True,True,True,0.36
attack,phase_flip,0.1,pauli_x,4,1.0,0.36,True,True,True,0.36
attack,phase_flip,0.1,pauli_x,5,1.0,0.36,True,True,True,0.36
attack,phase_flip,0.1,pauli_x,6,0.739258,0.36,True,True,True,0.36
attack,phase_flip,0.1,pauli_x,7,0.255859,0.36,True,False,False,0.36
attack,phase_flip,0.1,pauli_x,8,1.0,0.36,True,True,True,0.36
attack,phase_flip,0.1,pauli_x,9,0.725586,0.36,True,True,True,0.36
attack,phase_flip,0.1,pauli_x,10,0.727539,0.36,True,True,True,0.36
attack,phase_flip,0.1,pauli_x,11,0.713867,0.36,True,True,True,0.36
attack,phase_flip,0.1,pauli_x,12,0.729492,0.36,True,True,True,0.36
attack,phase_flip,0.1,pauli_x,13,0.27832,0.36,True,False,False,0.36
attack,phase_flip,0.1,pauli_x,14,0.723633,0.36,True,True,True,0.36
attack,phase_flip,0.1,pauli_x,15,0.736328,0.36,True,True,True,0.36
attack,phase_flip,0.1,pauli_x,16,0.729492,0.36,True,True,True,0.36
attack,phase_flip,0.1,pauli_x,17,0.256836,0.36,True,False,False,0.36
attack,phase_flip,0.1,pauli_x,18,1.0,0.36,True,True,True,0.36
attack,phase_flip,0.1,pauli_x,19,0.266602,0.36,True,False,False,0.36
attack,phase_flip,0.1,pauli_x,20,0.756836,0.36,True,True,True,0.36
attack,phase_flip,0.1,pauli_y,1,0.21582,0.346328,False,False,False,0.36
attack,phase_flip,0.1,pauli_y,2,0.806641,0.36,True,True,True,0.36
attack,phase_flip,0.1,pauli_y,3,0.786133,0.36,True,True,True,0.36
attack,phase_flip,0.1,pauli_y,4,1.0,0.36,True,True,True,0.36
attack,phase_flip,0.1,pauli_y,5,0.801758,0.36,True,True,True,0.36
attack,phase_flip,0.1,pauli_y,6,0.232422,0.3529688,False,False,False,0.36
attack,phase_flip,0.1,pauli_y,7,1.0,0.36,True,True,True,0.36
attack,phase_flip,0.1,pauli_y,8,0.764648,0.36,True,True,True,0.36
attack,phase_flip,0.1,pauli_y,9,0.794922,0.36,True,True,True,0.36
attack,phase_flip,0.1,pauli_y,10,0.213867,0.34554680000000004,False,False,False,0.36
attack,phase_flip,0.1,pauli_y,11,1.0,0.36,True,True,True,0.36
attack,phase_flip,0.1,pauli_y,12,0.200195,0.340078,False,False,False,0.36
attack,phase_flip,0.1,pauli_y,13,0.220703,0.3482812,False,False,False,0.36
attack,phase_flip,0.1,pauli_y,14,0.787109,0.36,True,True,True,0.36
attack,phase_flip,0.1,pauli_y,15,0.806641,0.36,True,True,True,0.36
attack,phase_flip,0.1,pauli_y,16,0.200195,0.340078,False,False,False,0.36
attack,phase_flip,0.1,pauli_y,17,0.210938,0.3443752,False,False,False,0.36
attack,phase_flip,0.1,pauli_y,18,1.0,0.36,True,True,True,0.36
attack,phase_flip,0.1,pauli_y,19,0.235352,0.35414080000000003,False,False,False,0.36
attack,phase_flip,0.1,pauli_y,20,0.202148,0.34085920000000003,False,False,False,0.36
attack,phase_flip,0.1,pauli_z,1,0.0,0.26,False,False,False,0.36
attack,phase_flip,0.1,pauli_z,2,0.789062,0.36,True,True,True,0.36
attack,phase_flip,0.1,pauli_z,3,0.756836,0.36,True,True,True,0.36
attack,phase_flip,0.1,pauli_z,4,0.791016,0.36,True,True,True,0.36
attack,phase_flip,0.1,pauli_z,5,0.0,0.26,False,False,False,0.36
attack,phase_flip,0.1,pauli_z,6,0.0,0.26,False,False,False,0.36
attack,phase_flip,0.1,pauli_z,7,0.78418,0.36,True,True,True,0.36
attack,phase_flip,0.1,pauli_z,8,0.783203,0.36,True,True,True,0.36
attack,phase_flip,0.1,pauli_z,9,0.783203,0.36,True,True,True,0.36
attack,phase_flip,0.1,pauli_z,10,0.0,0.26,False,False,False,0.36
attack,phase_flip,0.1,pauli_z,11,0.783203,0.36,True,True,True,0.36
attack,phase_flip,0.1,pauli_z,12,0.0,0.26,False,False,False,0.36
attack,phase_flip,0.1,pauli_z,13,0.0,0.26,False,False,False,0.36
attack,phase_flip,0.1,pauli_z,14,0.0,0.26,False,False,False,0.36
attack,phase_flip,0.1,pauli_z,15,0.796875,0.36,True,True,True,0.36
attack,phase_flip,0.1,pauli_z,16,0.777344,0.36,True,True,True,0.36
attack,phase_flip,0.1,pauli_z,17,0.787109,0.36,True,True,True,0.36
attack,phase_flip,0.1,pauli_z,18,0.0,0.26,False,False,False,0.36
attack,phase_flip,0.1,pauli_z,19,0.773438,0.36,True,True,True,0.36
attack,phase_flip,0.1,pauli_z,20,0.796875,0.36,True,True,True,0.36
attack,phase_flip,0.1,entanglement_disruption,1,0.322266,0.36,True,False,False,0.36
attack,phase_flip,0.1,entanglement_disruption,2,0.297852,0.36,True,False,False,0.36
attack,phase_flip,0.1,entanglement_disruption,3,0.337891,0.36,True,False,False,0.36
attack,phase_flip,0.1,entanglement_disruption,4,0.510742,0.36,True,True,True,0.36
attack,phase_flip,0.1,entanglement_disruption,5,0.486328,0.36,True,True,True,0.36
attack,phase_flip,0.1,entanglement_disruption,6,0.506836,0.36,True,True,True,0.36
attack,phase_flip,0.1,entanglement_disruption,7,0.491211,0.36,True,True,True,0.36
attack,phase_flip,0.1,entanglement_disruption,8,0.301758,0.36,True,False,False,0.36
attack,phase_flip,0.1,entanglement_disruption,9,0.279297,0.36,True,False,False,0.36
attack,phase_flip,0.1,entanglement_disruption,10,0.307617,0.36,True,False,False,0.36
attack,phase_flip,0.1,entanglement_disruption,11,0.482422,0.36,True,True,True,0.36
attack,phase_flip,0.1,entanglement_disruption,12,0.525391,0.36,True,True,True,0.36
attack,phase_flip,0.1,entanglement_disruption,13,0.328125,0.36,True,False,False,0.36
attack,phase_flip,0.1,entanglement_disruption,14,0.326172,0.36,True,False,False,0.36
attack,phase_flip,0.1,entanglement_disruption,15,0.487305,0.36,True,True,True,0.36
attack,phase_flip,0.1,entanglement_disruption,16,0.329102,0.36,True,False,False,0.36
attack,phase_flip,0.1,entanglement_disruption,17,0.319336,0.36,True,False,False,0.36
attack,phase_flip,0.1,entanglement_disruption,18,0.31543,0.36,True,False,False,0.36
attack,phase_flip,0.1,entanglement_disruption,19,0.524414,0.36,True,True,True,0.36
attack,phase_flip,0.1,entanglement_disruption,20,0.524414,0.36,True,True,True,0.36
attack,bit_phase_flip,0.1,pauli_x,1,0.639648,0.36,True,True,True,0.36
attack,bit_phase_flip,0.1,pauli_x,2,0.355469,0.36,True,False,False,0.36
attack,bit_phase_flip,0.1,pauli_x,3,0.672852,0.36,True,True,True,0.36
attack,bit_phase_flip,0.1,pauli_x,4,0.348633,0.36,True,False,False,0.36
attack,bit_phase_flip,0.1,pauli_x,5,0.37793,0.36,True,True,True,0.36
attack,bit_phase_flip,0.1,pauli_x,6,0.805664,0.36,True,True,True,0.36
attack,bit_phase_flip,0.1,pauli_x,7,0.401367,0.36,True,True,True,0.36
attack,bit_phase_flip,0.1,pauli_x,8,0.34082,0.36,True,False,False,0.36
attack,bit_phase_flip,0.1,pauli_x,9,0.783203,0.36,True,True,True,0.36
attack,bit_phase_flip,0.1,pauli_x,10,0.34375,0.36,True,False,False,0.36
attack,bit_phase_flip,0.1,pauli_x,11,0.708984,0.36,True,True,True,0.36
attack,bit_phase_flip,0.1,pauli_x,12,0.852539,0.36,True,True,True,0.36
attack,bit_phase_flip,0.1,pauli_x,13,0.675781,0.36,True,True,True,0.36
attack,bit_phase_flip,0.1,pauli_x,14,0.356445,0.36,True,False,False,0.36
attack,bit_phase_flip,0.1,pauli_x,15,0.793945,0.36,True,True,True,0.36
attack,bit_phase_flip,0.1,pauli_x,16,0.695312,0.36,True,True,True,0.36
attack,bit_phase_flip,0.1,pauli_x,17,0.792969,0.36,True,True,True,0.36
attack,bit_phase_flip,0.1,pauli_x,18,0.354492,0.36,True,False,False,0.36
attack,bit_phase_flip,0.1,pauli_x,19,0.661133,0.36,True,True,True,0.36
attack,bit_phase_flip,0.1,pauli_x,20,0.366211,0.36,True,True,True,0.36
attack,bit_phase_flip,0.1,pauli_y,1,0.667969,0.36,True,True,True,0.36
attack,bit_phase_flip,0.1,pauli_y,2,0.302734,0.36,True,False,False,0.36
attack,bit_phase_flip,0.1,pauli_y,3,0.623047,0.36,True,True,True,0.36
attack,bit_phase_flip,0.1,pauli_y,4,0.303711,0.36,True,False,False,0.36
attack,bit_phase_flip,0.1,pauli_y,5,0.316406,0.36,True,False,False,0.36
attack,bit_phase_flip,0.1,pauli_y,6,0.349609,0.36,True,False,False,0.36
attack,bit_phase_flip,0.1,pauli_y,7,0.946289,0.36,True,True,True,0.36
attack,bit_phase_flip,0.1,pauli_y,8,0.685547,0.36,True,True,True,0.36
attack,bit_phase_flip,0.1,pauli_y,9,0.695312,0.36,True,True,True,0.36
attack,bit_phase_flip,0.1,pauli_y,10,0.631836,0.36,True,True,True,0.36
attack,bit_phase_flip,0.1,pauli_y,11,0.677734,0.36,True,True,True,0.36
attack,bit_phase_flip,0.1,pauli_y,12,0.679688,0.36,True,True,True,0.36
attack,bit_phase_flip,0.1,pauli_y,13,0.639648,0.36,True,True,True,0.36
attack,bit_phase_flip,0.1,pauli_y,14,0.299805,0.36,True,False,False,0.36
attack,bit_phase_flip,0.1,pauli_y,15,0.854492,0.36,True,True,True,0.36
attack,bit_phase_flip,0.1,pauli_y,16,0.316406,0.36,True,False,False,0.36
attack,bit_phase_flip,0.1,pauli_y,17,0.859375,0.36,True,True,True,0.36
attack,bit_phase_flip,0.1,pauli_y,18,0.291992,0.36,True,False,False,0.36
attack,bit_phase_flip,0.1,pauli_y,19,0.635742,0.36,True,True,True,0.36
attack,bit_phase_flip,0.1,pauli_y,20,0.954102,0.36,True,True,True,0.36
attack,bit_phase_flip,0.1,pauli_z,1,0.124023,0.30960920000000003,False,False,False,0.36
attack,bit_phase_flip,0.1,pauli_z,2,0.674805,0.36,True,True,True,0.36
attack,bit_phase_flip,0.1,pauli_z,3,0.692383,0.36,True,True,True,0.36
attack,bit_phase_flip,0.1,pauli_z,4,0.058594,0.2834376,False,False,False,0.36
attack,bit_phase_flip,0.1,pauli_z,5,0.039062,0.2756248,False,False,False,0.36
attack,bit_phase_flip,0.1,pauli_z,6,0.128906,0.3115624,False,False,False,0.36
attack,bit_phase_flip,0.1,pauli_z,7,0.703125,0.36,True,True,True,0.36
attack,bit_phase_flip,0.1,pauli_z,8,0.701172,0.36,True,True,True,0.36
attack,bit_phase_flip,0.1,pauli_z,9,0.71875,0.36,True,True,True,0.36
attack,bit_phase_flip,0.1,pauli_z,10,0.151367,0.3205468,False,False,False,0.36
attack,bit_phase_flip,0.1,pauli_z,11,0.045898,0.27835920000000003,False,False,False,0.36
attack,bit_phase_flip,0.1,pauli_z,12,0.713867,0.36,True,True,True,0.36
attack,bit_phase_flip,0.1,pauli_z,13,0.700195,0.36,True,True,True,0.36
attack,bit_phase_flip,0.1,pauli_z,14,0.692383,0.36,True,True,True,0.36
attack,bit_phase_flip,0.1,pauli_z,15,0.692383,0.36,True,True,True,0.36
attack,bit_phase_flip,0.1,pauli_z,16,0.717773,0.36,True,True,True,0.36
attack,bit_phase_flip,0.1,pauli_z,17,0.703125,0.36,True,True,True,0.36
attack,bit_phase_flip,0.1,pauli_z,18,0.640625,0.36,True,True,True,0.36
attack,bit_phase_flip,0.1,pauli_z,19,0.639648,0.36,True,True,True,0.36
attack,bit_phase_flip,0.1,pauli_z,20,0.706055,0.36,True,True,True,0.36
attack,bit_phase_flip,0.1,entanglement_disruption,1,0.508789,0.36,True,True,True,0.36
attack,bit_phase_flip,0.1,entanglement_disruption,2,0.478516,0.36,True,True,True,0.36
attack,bit_phase_flip,0.1,entanglement_disruption,3,0.484375,0.36,True,True,True,0.36
attack,bit_phase_flip,0.1,entanglement_disruption,4,0.495117,0.36,True,True,True,0.36
attack,bit_phase_flip,0.1,entanglement_disruption,5,0.492188,0.36,True,True,True,0.36
attack,bit_phase_flip,0.1,entanglement_disruption,6,0.286133,0.36,True,False,False,0.36
attack,bit_phase_flip,0.1,entanglement_disruption,7,0.34082,0.36,True,False,False,0.36
attack,bit_phase_flip,0.1,entanglement_disruption,8,0.486328,0.36,True,True,True,0.36
attack,bit_phase_flip,0.1,entanglement_disruption,9,0.499023,0.36,True,True,True,0.36
attack,bit_phase_flip,0.1,entanglement_disruption,10,0.486328,0.36,True,True,True,0.36
attack,bit_phase_flip,0.1,entanglement_disruption,11,0.513672,0.36,True,True,True,0.36
attack,bit_phase_flip,0.1,entanglement_disruption,12,0.500977,0.36,True,True,True,0.36
attack,bit_phase_flip,0.1,entanglement_disruption,13,0.302734,0.36,True,False,False,0.36
attack,bit_phase_flip,0.1,entanglement_disruption,14,0.28125,0.36,True,False,False,0.36
attack,bit_phase_flip,0.1,entanglement_disruption,15,0.472656,0.36,True,True,True,0.36
attack,bit_phase_flip,0.1,entanglement_disruption,16,0.500977,0.36,True,True,True,0.36
attack,bit_phase_flip,0.1,entanglement_disruption,17,0.478516,0.36,True,True,True,0.36
attack,bit_phase_flip,0.1,entanglement_disruption,18,0.463867,0.36,True,True,True,0.36
attack,bit_phase_flip,0.1,entanglement_disruption,19,0.348633,0.36,True,False,False,0.36
attack,bit_phase_flip,0.1,entanglement_disruption,20,0.50293,0.36,True,True,True,0.36
attack,depolarizing,0.1,pauli_x,1,0.932617,0.36,True,True,True,0.36
attack,depolarizing,0.1,pauli_x,2,0.887695,0.36,True,True,True,0.36
attack,depolarizing,0.1,pauli_x,3,0.219727,0.3478908,False,False,False,0.36
attack,depolarizing,0.1,pauli_x,4,0.262695,0.36,True,False,False,0.36
attack,depolarizing,0.1,pauli_x,5,0.725586,0.36,True,True,True,0.36
attack,depolarizing,0.1,pauli_x,6,0.71582,0.36,True,True,True,0.36
attack,depolarizing,0.1,pauli_x,7,0.9375,0.36,True,True,True,0.36
attack,depolarizing,0.1,pauli_x,8,0.759766,0.36,True,True,True,0.36
attack,depolarizing,0.1,pauli_x,9,0.751953,0.36,True,True,True,0.36
attack,depolarizing,0.1,pauli_x,10,0.750977,0.36,True,True,True,0.36
attack,depolarizing,0.1,pauli_x,11,0.741211,0.36,True,True,True,0.36
attack,depolarizing,0.1,pauli_x,12,0.891602,0.36,True,True,True,0.36
attack,depolarizing,0.1,pauli_x,13,0.9375,0.36,True,True,True,0.36
attack,depolarizing,0.1,pauli_x,14,0.243164,0.3572656,False,False,False,0.36
attack,depolarizing,0.1,pauli_x,15,0.729492,0.36,True,True,True,0.36
attack,depolarizing,0.1,pauli_x,16,0.763672,0.36,True,True,True,0.36
attack,depolarizing,0.1,pauli_x,17,0.259766,0.36,True,False,False,0.36
attack,depolarizing,0.1,pauli_x,18,0.250977,0.36,True,False,False,0.36
attack,depolarizing,0.1,pauli_x,19,0.753906,0.36,True,True,True,0.36
attack,depolarizing,0.1,pauli_x,20,0.255859,0.36,True,False,False,0.36
attack,depolarizing,0.1,pauli_y,1,0.246094,0.3584376,False,False,False,0.36
attack,depolarizing,0.1,pauli_y,2,0.255859,0.36,True,False,False,0.36
attack,depolarizing,0.1,pauli_y,3,0.214844,0.3459376,False,False,False,0.36
attack,depolarizing,0.1,pauli_y,4,0.8125,0.36,True,True,True,0.36
attack,depolarizing,0.1,pauli_y,5,0.983398,0.36,True,True,True,0.36
attack,depolarizing,0.1,pauli_y,6,0.799805,0.36,True,True,True,0.36
attack,depolarizing,0.1,pauli_y,7,0.806641,0.36,True,True,True,0.36
attack,depolarizing,0.1,pauli_y,8,0.257812,0.36,True,False,False,0.36
attack,depolarizing,0.1,pauli_y,9,0.228516,0.3514064,False,False,False,0.36
attack,depolarizing,0.1,pauli_y,10,0.21582,0.346328,False,False,False,0.36
attack,depolarizing,0.1,pauli_y,11,0.767578,0.36,True,True,True,0.36
attack,depolarizing,0.1,pauli_y,12,0.213867,0.34554680000000004,False,False,False,0.36
attack,depolarizing,0.1,pauli_y,13,0.237305,0.354922,False,False,False,0.36
attack,depolarizing,0.1,pauli_y,14,0.977539,0.36,True,True,True,0.36
attack,depolarizing,0.1,pauli_y,15,0.21582,0.346328,False,False,False,0.36
attack,depolarizing,0.1,pauli_y,16,0.775391,0.36,True,True,True,0.36
attack,depolarizing,0.1,pauli_y,17,0.975586,0.36,True,True,True,0.36
attack,depolarizing,0.1,pauli_y,18,0.920898,0.36,True,True,True,0.36
attack,depolarizing,0.1,pauli_y,19,0.941406,0.36,True,True,True,0.36
attack,depolarizing,0.1,pauli_y,20,0.966797,0.36,True,True,True,0.36
attack,depolarizing,0.1,pauli_z,1,0.083008,0.2932032,False,False,False,0.36
attack,depolarizing,0.1,pauli_z,2,0.792969,0.36,True,True,True,0.36
attack,depolarizing,0.1,pauli_z,3,0.788086,0.36,True,True,True,0.36
attack,depolarizing,0.1,pauli_z,4,0.030273,0.2721092,False,False,False,0.36
attack,depolarizing,0.1,pauli_z,5,0.807617,0.36,True,True,True,0.36
attack,depolarizing,0.1,pauli_z,6,0.80957,0.36,True,True,True,0.36
attack,depolarizing,0.1,pauli_z,7,0.824219,0.36,True,True,True,0.36
attack,depolarizing,0.1,pauli_z,8,0.823242,0.36,True,True,True,0.36
attack,depolarizing,0.1,pauli_z,9,0.775391,0.36,True,True,True,0.36
attack,depolarizing,0.1,pauli_z,10,0.751953,0.36,True,True,True,0.36
attack,depolarizing,0.1,pauli_z,11,0.750977,0.36,True,True,True,0.36
attack,depolarizing,0.1,pauli_z,12,0.774414,0.36,True,True,True,0.36
attack,depolarizing,0.1,pauli_z,13,0.807617,0.36,True,True,True,0.36
attack,depolarizing,0.1,pauli_z,14,0.069336,0.2877344,False,False,False,0.36
attack,depolarizing,0.1,pauli_z,15,0.061523,0.2846092,False,False,False,0.36
attack,depolarizing,0.1,pauli_z,16,0.035156,0.2740624,False,False,False,0.36
attack,depolarizing,0.1,pauli_z,17,0.717773,0.36,True,True,True,0.36
attack,depolarizing,0.1,pauli_z,18,0.774414,0.36,True,True,True,0.36
attack,depolarizing,0.1,pauli_z,19,0.824219,0.36,True,True,True,0.36
attack,depolarizing,0.1,pauli_z,20,0.75293,0.36,True,True,True,0.36
attack,depolarizing,0.1,entanglement_disruption,1,0.264648,0.36,True,False,False,0.36
attack,depolarizing,0.1,entanglement_disruption,2,0.276367,0.36,True,False,False,0.36
attack,depolarizing,0.1,entanglement_disruption,3,0.503906,0.36,True,True,True,0.36
attack,depolarizing,0.1,entanglement_disruption,4,0.527344,0.36,True,True,True,0.36
attack,depolarizing,0.1,entanglement_disruption,5,0.274414,0.36,True,False,False,0.36
attack,depolarizing,0.1,entanglement_disruption,6,0.505859,0.36,True,True,True,0.36
attack,depolarizing,0.1,entanglement_disruption,7,0.272461,0.36,True,False,False,0.36
attack,depolarizing,0.1,entanglement_disruption,8,0.494141,0.36,True,True,True,0.36
attack,depolarizing,0.1,entanglement_disruption,9,0.486328,0.36,True,True,True,0.36
attack,depolarizing,0.1,entanglement_disruption,10,0.503906,0.36,True,True,True,0.36
attack,depolarizing,0.1,entanglement_disruption,11,0.49707,0.36,True,True,True,0.36
attack,depolarizing,0.1,entanglement_disruption,12,0.305664,0.36,True,False,False,0.36
attack,depolarizing,0.1,entanglement_disruption,13,0.298828,0.36,True,False,False,0.36
attack,depolarizing,0.1,entanglement_disruption,14,0.508789,0.36,True,True,True,0.36
attack,depolarizing,0.1,entanglement_disruption,15,0.519531,0.36,True,True,True,0.36
attack,depolarizing,0.1,entanglement_disruption,16,0.28418,0.36,True,False,False,0.36
attack,depolarizing,0.1,entanglement_disruption,17,0.470703,0.36,True,True,True,0.36
attack,depolarizing,0.1,entanglement_disruption,18,0.493164,0.36,True,True,True,0.36
attack,depolarizing,0.1,entanglement_disruption,19,0.495117,0.36,True,True,True,0.36
attack,depolarizing,0.1,entanglement_disruption,20,0.478516,0.36,True,True,True,0.36
attack,readout,0.1,pauli_x,1,0.172852,0.3291408,False,False,False,0.36
attack,readout,0.1,pauli_x,2,0.717773,0.36,True,True,True,0.36
attack,readout,0.1,pauli_x,3,0.761719,0.36,True,True,True,0.36
attack,readout,0.1,pauli_x,4,0.81543,0.36,True,True,True,0.36
attack,readout,0.1,pauli_x,5,0.74707,0.36,True,True,True,0.36
attack,readout,0.1,pauli_x,6,0.795898,0.36,True,True,True,0.36
attack,readout,0.1,pauli_x,7,0.825195,0.36,True,True,True,0.36
attack,readout,0.1,pauli_x,8,0.84375,0.36,True,True,True,0.36
attack,readout,0.1,pauli_x,9,0.735352,0.36,True,True,True,0.36
attack,readout,0.1,pauli_x,10,0.749023,0.36,True,True,True,0.36
attack,readout,0.1,pauli_x,11,0.80957,0.36,True,True,True,0.36
attack,readout,0.1,pauli_x,12,0.169922,0.3279688,False,False,False,0.36
attack,readout,0.1,pauli_x,13,0.749023,0.36,True,True,True,0.36
attack,readout,0.1,pauli_x,14,0.173828,0.3295312,False,False,False,0.36
attack,readout,0.1,pauli_x,15,0.730469,0.36,True,True,True,0.36
attack,readout,0.1,pauli_x,16,0.754883,0.36,True,True,True,0.36
attack,readout,0.1,pauli_x,17,0.748047,0.36,True,True,True,0.36
attack,readout,0.1,pauli_x,18,0.723633,0.36,True,True,True,0.36
attack,readout,0.1,pauli_x,19,0.763672,0.36,True,True,True,0.36
attack,readout,0.1,pauli_x,20,0.758789,0.36,True,True,True,0.36
attack,readout,0.1,pauli_y,1,0.837891,0.36,True,True,True,0.36
attack,readout,0.1,pauli_y,2,0.259766,0.36,True,False,False,0.36
attack,readout,0.1,pauli_y,3,0.233398,0.3533592,False,False,False,0.36
attack,readout,0.1,pauli_y,4,0.801758,0.36,True,True,True,0.36
attack,readout,0.1,pauli_y,5,0.833008,0.36,True,True,True,0.36
attack,readout,0.1,pauli_y,6,0.8125,0.36,True,True,True,0.36
attack,readout,0.1,pauli_y,7,0.825195,0.36,True,True,True,0.36
attack,readout,0.1,pauli_y,8,0.832031,0.36,True,True,True,0.36
attack,readout,0.1,pauli_y,9,0.257812,0.36,True,False,False,0.36
attack,readout,0.1,pauli_y,10,0.223633,0.3494532,False,False,False,0.36
attack,readout,0.1,pauli_y,11,0.786133,0.36,True,True,True,0.36
attack,readout,0.1,pauli_y,12,0.823242,0.36,True,True,True,0.36
attack,readout,0.1,pauli_y,13,0.235352,0.35414080000000003,False,False,False,0.36
attack,readout,0.1,pauli_y,14,0.225586,0.3502344,False,False,False,0.36
attack,readout,0.1,pauli_y,15,0.849609,0.36,True,True,True,0.36
attack,readout,0.1,pauli_y,16,0.222656,0.3490624,False,False,False,0.36
attack,readout,0.1,pauli_y,17,0.259766,0.36,True,False,False,0.36
attack,readout,0.1,pauli_y,18,0.828125,0.36,True,True,True,0.36
attack,readout,0.1,pauli_y,19,0.244141,0.3576564,False,False,False,0.36
attack,readout,0.1,pauli_y,20,0.822266,0.36,True,True,True,0.36
attack,readout,0.1,pauli_z,1,0.817383,0.36,True,True,True,0.36
attack,readout,0.1,pauli_z,2,0.749023,0.36,True,True,True,0.36
attack,readout,0.1,pauli_z,3,0.827148,0.36,True,True,True,0.36
attack,readout,0.1,pauli_z,4,0.818359,0.36,True,True,True,0.36
attack,readout,0.1,pauli_z,5,0.735352,0.36,True,True,True,0.36
attack,readout,0.1,pauli_z,6,0.188477,0.3353908,False,False,False,0.36
attack,readout,0.1,pauli_z,7,0.748047,0.36,True,True,True,0.36
attack,readout,0.1,pauli_z,8,0.779297,0.36,True,True,True,0.36
attack,readout,0.1,pauli_z,9,0.164062,0.32562480000000005,False,False,False,0.36
attack,readout,0.1,pauli_z,10,0.189453,0.3357812,False,False,False,0.36
attack,readout,0.1,pauli_z,11,0.775391,0.36,True,True,True,0.36
attack,readout,0.1,pauli_z,12,0.746094,0.36,True,True,True,0.36
attack,readout,0.1,pauli_z,13,0.750977,0.36,True,True,True,0.36
attack,readout,0.1,pauli_z,14,0.197266,0.3389064,False,False,False,0.36
attack,readout,0.1,pauli_z,15,0.821289,0.36,True,True,True,0.36
attack,readout,0.1,pauli_z,16,0.794922,0.36,True,True,True,0.36
attack,readout,0.1,pauli_z,17,0.814453,0.36,True,True,True,0.36
attack,readout,0.1,pauli_z,18,0.181641,0.3326564,False,False,False,0.36
attack,readout,0.1,pauli_z,19,0.733398,0.36,True,True,True,0.36
attack,readout,0.1,pauli_z,20,0.80957,0.36,True,True,True,0.36
attack,readout,0.1,entanglement_disruption,1,0.47168,0.36,True,True,True,0.36
attack,readout,0.1,entanglement_disruption,2,0.251953,0.36,True,False,False,0.36
attack,readout,0.1,entanglement_disruption,3,0.475586,0.36,True,True,True,0.36
attack,readout,0.1,entanglement_disruption,4,0.476562,0.36,True,True,True,0.36
attack,readout,0.1,entanglement_disruption,5,0.53418,0.36,True,True,True,0.36
attack,readout,0.1,entanglement_disruption,6,0.474609,0.36,True,True,True,0.36
attack,readout,0.1,entanglement_disruption,7,0.508789,0.36,True,True,True,0.36
attack,readout,0.1,entanglement_disruption,8,0.50293,0.36,True,True,True,0.36
attack,readout,0.1,entanglement_disruption,9,0.5,0.36,True,True,True,0.36
attack,readout,0.1,entanglement_disruption,10,0.484375,0.36,True,True,True,0.36
attack,readout,0.1,entanglement_disruption,11,0.518555,0.36,True,True,True,0.36
attack,readout,0.1,entanglement_disruption,12,0.480469,0.36,True,True,True,0.36
attack,readout,0.1,entanglement_disruption,13,0.512695,0.36,True,True,True,0.36
attack,readout,0.1,entanglement_disruption,14,0.49707,0.36,True,True,True,0.36
attack,readout,0.1,entanglement_disruption,15,0.482422,0.36,True,True,True,0.36
attack,readout,0.1,entanglement_disruption,16,0.435547,0.36,True,True,True,0.36
attack,readout,0.1,entanglement_disruption,17,0.494141,0.36,True,True,True,0.36
attack,readout,0.1,entanglement_disruption,18,0.24707,0.35882800000000004,False,False,False,0.36
attack,readout,0.1,entanglement_disruption,19,0.488281,0.36,True,True,True,0.36
attack,readout,0.1,entanglement_disruption,20,0.47168,0.36,True,True,True,0.36
